ACCIDENT_YEAR,COLLISION_DATE,COLLISION_TIME,MONTH,SEASON,24HOURS,DAY_OF_WEEK,INTERSECTION,WEATHER_1,STATE_HWY_IND,ROAD_SURFACE,ROAD_COND_1,LIGHTING,STWD_VEHTYPE_AT_FAULT,CHP_VEHTYPE_AT_FAULT,DIRECTION,PCF_VIOL_CATEGORY,TYPE_OF_COLLISION,PEDESTRIAN_ACCIDENT,BICYCLE_ACCIDENT,MOTORCYCLE_ACCIDENT,TRUCK_ACCIDENT,MVIW,TOW_AWAY,HIT_AND_RUN,CONTROL_DEVICE,NUMBER_INJURED,COUNT_PED_INJURED,COUNT_BICYCLIST_INJURED,COUNT_MC_INJURED,PCF_VIOLATION,PARTY_COUNT,POINT_Y,POINT_X,COLLISION_SEVERITY
2011,2011-06-01,1551,6,2,15,3,Y,B,N,B,H,A,A,01,,12,D,,,,,C,Y,N,A,1,0,0,0,21453.0,2,39.72695,-121.83816,4
2011,2011-06-06,1530,6,2,15,1,Y,B,N,A,H,A,A,01,,09,D,,,,,C,Y,N,A,1,0,0,0,21801.0,2,39.73481,-121.80222,4
2011,2011-06-13,345,6,2,3,1,N,B,Y,A,H,D,A,07,S,01,E,,,,,I,Y,N,D,1,0,0,0,23152.0,1,39.77149519,-121.86954333,3
2011,2011-06-19,1657,6,2,16,7,Y,A,N,A,H,A,A,08,,12,D,,,,,C,,N,D,2,0,0,0,22450.0,2,39.7314,-121.83335,4
2011,2011-07-12,836,7,2,8,2,N,A,Y,A,H,A,D,22,S,03,C,,,,,C,Y,N,A,1,0,0,0,22350.0,2,39.73114661,-121.85975853,4
2011,2011-07-02,819,7,2,8,6,N,A,N,A,H,A,-,- ,E,03,C,,,,,C,Y,N,A,3,0,0,0,22350.0,3,39.7610882,-121.82437141,4
2011,2011-06-21,1542,6,2,15,2,N,A,Y,A,H,A,A,01,N,03,C,,,,,C,Y,N,A,2,0,0,0,22350.0,3,39.47836043,-121.57549785,3
2011,2011-06-13,1210,6,2,12,1,N,A,N,A,H,A,C,02,S,03,E,,,Y,,I,Y,N,D,1,0,0,1,22350.0,1,,,3
2011,2011-06-11,1350,6,2,13,6,N,A,N,A,H,A,C,02,N,05,A,,,Y,,C,Y,N,D,1,0,0,1,21460.0,2,39.77644042,-121.50823349,4
2011,2011-06-26,905,6,2,9,7,N,B,N,A,H,A,-,- ,W,18,E,,,Y,,H,Y,N,D,2,0,0,2,,1,39.45515171,-121.49800928,2
2011,2011-07-08,1644,7,2,16,5,N,A,N,A,H,A,-,- ,S,03,C,,,,,C,N,N,A,1,0,0,0,22350.0,2,39.7610836,-121.82472004,4
2011,2011-06-28,2125,6,2,21,2,N,B,N,B,H,C,A,01,S,08,B,,Y,,,G,N,F,D,1,0,1,0,22107.0,2,39.72456626,-121.85023179,2
2011,2011-06-16,2030,6,2,20,4,Y,A,N,A,H,A,D,22,,12,B,,,,,C,Y,N,A,1,0,0,0,21453.0,3,39.72552,-121.83487,4
2011,2011-05-28,1650,5,1,16,6,Y,A,N,A,H,A,A,01,,03,C,,,,,C,Y,N,D,3,0,0,0,22350.0,2,39.75546,-121.62685,4
2011,2011-05-31,1420,5,1,14,2,Y,C,N,B,H,A,A,01,,03,C,,,,,C,Y,N,D,1,0,0,0,22350.0,2,39.78243,-121.60149,4
2011,2011-06-11,1755,6,2,17,6,N,A,N,A,H,A,A,08,S,01,E,,,,,I,Y,N,D,1,0,0,0,23152.0,1,39.4214429,-121.53722979,3
2011,2011-06-18,1659,6,2,16,6,N,A,N,A,H,A,-,- ,E,01,D,,,,,C,Y,N,D,1,0,0,0,23152.0,2,39.71336796,-121.7859096,4
2011,2011-06-30,1720,6,2,17,4,Y,A,N,A,H,A,A,01,,12,D,,,,,C,Y,N,A,1,0,0,0,21453.0,2,39.72552,-121.83487,3
2011,2011-06-15,1311,6,2,13,3,Y,A,Y,A,H,A,L,04,,05,D,,Y,,,G,N,N,A,1,0,1,0,21650.0,2,39.76264519,-121.85894332,2
2011,2011-05-29,1655,5,1,16,7,N,B,N,A,H,A,A,08,N,09,D,,,,,C,Y,N,D,1,0,0,0,21801.0,2,39.79455392,-121.89112591,4
2011,2011-06-02,57,6,2,0,4,N,B,N,B,H,D,A,01,N,08,E,,,,,I,Y,F,D,2,0,0,0,22107.0,1,39.76437229,-121.91923308,3
2011,2011-06-14,1102,6,2,11,2,Y,A,N,A,H,A,L,04,,05,B,,Y,,,C,N,F,D,1,0,1,0,21460.0,2,,,3
2011,2011-05-25,1408,5,1,14,3,-,A,Y,B,H,A,-,- ,,- ,A,,,,,C,Y,N,D,1,0,0,0,,2,39.50137972,-121.56039594,4
2011,2011-05-18,1712,5,1,17,3,Y,A,Y,A,H,A,A,01,,09,D,,,,,C,Y,N,D,1,0,0,0,21802.0,2,39.5048271,-121.54258647,3
2011,2011-05-06,746,5,1,7,5,N,-,N,A,H,A,A,01,S,03,C,,,,,C,Y,N,D,1,0,0,0,22350.0,2,39.51426428,-121.54588897,4
2011,2011-04-26,1235,4,1,12,2,Y,A,N,A,H,A,-,- ,,- ,G,Y,,,,B,N,N,D,1,1,0,0,,2,39.50246537,-121.56487476,4
2011,2011-06-22,850,6,2,8,3,N,A,N,A,H,A,B,07,S,08,B,,,,,C,Y,N,D,2,0,0,0,22107.0,2,39.63072581,-121.90984556,4
2011,2011-06-18,308,6,2,3,6,N,A,N,A,H,D,A,07,E,01,E,,,,,I,Y,N,D,1,0,0,0,23152.0,1,39.72112609,-121.69789553,4
2011,2011-06-15,2130,6,2,21,3,N,A,N,A,H,D,-,- ,E,18,E,,,,,I,Y,N,D,1,0,0,0,,1,39.79685065,-121.95306466,4
2011,2011-06-22,1316,6,2,13,3,N,A,N,A,H,A,A,07,S,05,B,,,,,C,Y,N,D,1,0,0,0,21650.0,2,,,4
2011,2011-06-21,1611,6,2,16,2,N,A,N,A,H,A,A,01,N,08,B,,,,,C,Y,N,D,1,0,0,0,22107.0,2,39.78570391,-121.84397317,3
2011,2011-03-28,1935,3,1,19,1,Y,A,Y,A,H,A,A,01,,03,C,,,,,C,Y,N,A,3,0,0,0,22350.0,2,39.50137972,-121.56039594,3
2011,2011-03-08,1616,3,1,16,2,Y,A,N,A,H,A,A,01,,- ,D,,,,,C,Y,N,D,1,0,0,0,,2,39.40154795,-121.42040491,4
2011,2011-07-03,1400,7,2,14,7,N,A,N,A,H,A,D,22,S,01,E,,,,,I,Y,N,D,1,0,0,0,23152.0,1,39.44496,-121.38,4
2011,2011-07-07,818,7,2,8,4,N,A,N,A,H,A,D,22,E,01,E,,,,,I,Y,N,D,1,0,0,0,23152.0,1,39.51586868,-121.58236957,3
2011,2011-07-05,1220,7,2,12,2,Y,A,N,A,H,A,F,25,,09,B,,,,Y,C,N,N,A,1,0,0,0,21802.0,2,39.76821,-121.87285,4
2011,2011-07-11,824,7,2,8,1,N,A,N,A,H,A,L,04,N,09,B,,Y,,,G,N,N,D,1,0,1,0,21804.0,2,39.72312475,-121.83019069,3
2011,2011-07-02,1523,7,2,15,6,N,A,Y,A,H,A,C,02,S,09,D,,,Y,Y,C,Y,N,D,1,0,0,1,21801.0,2,39.46414235,-121.68843593,2
2011,2011-06-28,1724,6,2,17,2,N,B,Y,B,H,A,A,01,S,03,C,,,,,C,Y,N,D,4,0,0,0,22350.0,4,39.7572534,-121.85037407,4
2011,2011-06-15,2050,6,2,20,3,-,A,N,A,H,B,L,04,S,05,D,,Y,,,G,N,N,-,1,0,1,0,21650.0,2,39.7208385,-121.82608147,3
2011,2011-06-28,1449,6,2,14,2,N,C,Y,B,H,A,A,01,N,03,E,,,,,I,Y,N,D,1,0,0,0,22350.0,1,39.69511341,-121.61293208,4
2011,2011-06-28,1719,6,2,17,2,N,B,N,B,H,A,A,01,S,08,F,,,,,A,Y,N,D,1,0,0,0,22107.0,1,39.7535688,-121.90019157,4
2011,2011-06-23,1056,6,2,10,4,Y,A,N,A,H,A,A,01,,09,D,,,,,C,Y,N,A,1,0,0,0,21800.0,2,39.74615,-121.63826,4
2011,2011-06-03,1428,6,2,14,5,Y,B,N,A,H,A,A,01,,03,C,,,,,C,N,N,D,1,0,0,0,22350.0,2,39.79734,-121.5855,4
2011,2011-06-16,1000,6,2,10,4,N,A,N,A,H,A,-,- ,N,03,C,,,,,C,N,N,D,1,0,0,0,22350.0,2,39.80049573,-121.58086002,4
2011,2011-06-16,131,6,2,1,4,N,B,N,A,H,D,L,04,N,17,H,,Y,,,G,N,N,A,2,0,2,0,21204.0,1,39.77063611,-121.61221284,3
2011,2011-07-03,1250,7,2,12,7,Y,A,N,A,H,A,A,07,,08,E,,,,,I,Y,N,D,1,0,0,0,22107.0,1,39.83077,-121.59604,4
2011,2011-07-06,1520,7,2,15,3,N,A,Y,A,H,A,A,07,N,01,E,,,,,I,Y,N,D,1,0,0,0,23152.0,1,39.75598519,-121.84864332,3
2011,2011-06-22,854,6,2,8,3,Y,A,N,A,H,A,D,22,,- ,D,,,,,C,Y,N,A,1,0,0,0,,2,39.74615,-121.63826,4
2011,2011-06-29,1235,6,2,12,3,N,A,N,A,H,A,A,01,S,04,C,,,,,C,Y,N,D,1,0,0,0,21703.0,2,39.75026206,-121.85502799,4
2011,2011-07-23,1430,7,2,14,6,Y,A,N,A,H,A,-,- ,,12,D,,,,,C,Y,N,A,1,0,0,0,21453.0,2,39.76113,-121.8199,4
2011,2011-07-11,2305,7,2,23,1,N,A,N,A,H,D,N,60,W,11,G,Y,,,,B,N,F,D,1,1,0,0,21950.0,2,39.75275377,-121.86346292,2
2011,2011-07-20,2050,7,2,20,3,N,A,Y,A,H,B,D,22,W,08,F,,,,,A,Y,N,A,1,0,0,0,22107.0,1,39.75863277,-121.73672826,4
2011,2011-07-19,40,7,2,0,2,Y,A,N,A,H,C,D,22,,01,E,,,,,I,Y,N,A,1,0,0,0,23152.0,1,39.84314,-121.59808,3
2011,2011-07-23,1212,7,2,12,6,N,A,N,A,H,A,F,24,E,09,F,,,Y,Y,A,Y,N,D,2,0,0,2,21804.0,2,39.64666729,-121.74187303,2
2011,2011-07-25,949,7,2,9,1,Y,A,N,A,H,A,F,26,,03,C,,,,Y,C,N,N,A,1,0,0,0,22350.0,2,39.75225,-121.60776,4
2011,2011-07-11,1808,7,2,18,1,Y,A,N,A,H,A,D,23,,06,C,,Y,,,G,N,F,D,1,0,1,0,21750.0,2,39.78035,-121.58921,4
2011,2011-06-11,2225,6,2,22,6,N,A,Y,A,H,C,A,07,N,08,F,,,,,I,Y,N,D,2,0,0,0,22107.0,1,39.52592169,-121.57484768,3
2011,2011-07-07,1710,7,2,17,4,Y,A,Y,A,H,A,A,01,,12,D,,,,,C,Y,N,A,2,0,0,0,21453.0,2,39.46495214,-121.57803287,3
2011,2011-07-09,925,7,2,9,6,N,A,Y,A,H,A,C,02,W,03,F,,,Y,,J,N,N,D,1,0,0,1,22350.0,1,39.79463733,-121.45219159,3
2011,2011-07-06,625,7,2,6,3,N,A,N,A,H,A,A,01,W,08,E,,,,,I,Y,N,D,1,0,0,0,22107.0,1,39.32524344,-121.55170246,3
2011,2011-07-01,2100,7,2,21,5,N,A,Y,A,H,D,A,01,E,01,E,,,,,J,Y,N,D,1,0,0,0,23152.0,1,39.80356474,-121.44061555,3
2011,2011-07-12,808,7,2,8,2,N,A,N,A,H,A,A,01,W,12,D,,Y,,,G,N,N,A,1,0,1,0,21453.0,2,39.76092,-121.84916,3
2011,2011-07-12,1535,7,2,15,2,Y,A,N,A,H,A,A,01,,03,C,,,,,C,Y,N,A,1,0,0,0,22350.0,2,39.73184,-121.85637,4
2011,2011-07-24,1712,7,2,17,7,N,A,N,A,H,A,-,- ,W,01,D,,,,,D,N,N,A,1,0,0,0,23152.0,2,39.71477347,-121.80537016,3
2011,2011-07-22,1920,7,2,19,5,Y,A,N,A,H,A,-,,,12,D,,,,,C,Y,N,A,3,0,0,0,21453.0,2,39.7495,-121.83368,3
2011,2011-07-19,2205,7,2,22,2,N,A,N,A,H,D,D,22,W,17,E,,,,,I,Y,N,D,1,0,0,0,21662.0,1,39.52779173,-121.28565955,2
2011,2011-07-02,1330,7,2,13,6,N,A,N,A,H,A,C,06,N,17,E,,,Y,,I,N,N,D,1,0,0,1,21662.0,1,,,3
2011,2011-07-08,1201,7,2,12,5,N,A,N,A,H,A,A,01,,09,D,,,,,C,Y,N,D,2,0,0,0,21801.0,2,39.77764,-121.60066,4
2011,2011-07-25,1526,7,2,15,1,N,A,N,A,H,A,A,01,,09,D,,,,,C,Y,N,D,1,0,0,0,21801.0,2,39.75587,-121.60952,4
2011,2011-07-23,645,7,2,6,6,N,A,N,A,H,A,A,07,,05,E,,,,,I,Y,N,D,1,0,0,0,21650.0,1,39.7461,-121.58437,4
2011,2011-07-18,1906,7,2,19,1,N,A,N,A,H,A,A,01,,22,E,,,,,I,Y,N,D,1,0,0,0,,1,39.76673,-121.61256,4
2011,2011-07-22,2014,7,2,20,5,Y,A,N,A,H,A,A,01,,01,G,Y,,,,B,N,M,A,1,1,0,0,23152.0,2,39.75397,-121.85861,4
2011,2011-07-20,635,7,2,6,3,N,A,N,A,H,A,A,01,W,08,E,,,,,I,Y,N,D,1,0,0,0,22107.0,1,39.73141586,-121.68168962,4
2011,2011-07-09,1905,7,2,19,6,N,A,N,A,H,A,A,01,W,05,A,,,,,C,Y,N,D,3,0,0,0,21460.0,2,39.72607979,-121.70862411,3
2011,2011-08-03,1222,8,2,12,3,N,A,N,A,H,A,A,07,W,03,C,,,,,D,N,N,D,2,0,0,0,22350.0,3,39.72722236,-121.8039013,4
2011,2011-08-12,2320,8,2,23,5,N,A,Y,A,H,D,D,22,S,08,E,,,,,I,Y,N,D,1,0,0,0,22107.0,1,39.88275522,-121.67155331,4
2011,2011-07-31,2325,7,2,23,7,N,A,N,A,H,D,D,22,S,01,F,,,,,A,Y,N,D,1,0,0,0,23152.0,1,39.53741227,-121.90866619,2
2011,2011-07-31,1622,7,2,16,7,N,A,N,A,H,A,D,22,S,01,E,,,,,I,Y,N,D,1,0,0,0,23152.0,1,39.58621576,-121.77746351,2
2011,2011-08-03,926,8,2,9,3,N,A,Y,A,A,A,A,01,N,09,C,,Y,,,G,N,N,D,1,0,1,0,21802.0,2,39.72481519,-121.85048332,3
2011,2011-08-06,1930,8,2,19,6,N,A,N,A,H,A,L,04,S,09,D,,Y,,,G,N,N,D,1,0,1,0,21804.0,2,39.71311945,-121.81144899,3
2011,2011-07-15,340,7,2,3,5,N,A,N,A,B,D,A,01,N,03,E,,,,,I,Y,N,A,1,0,0,0,22350.0,1,39.39143777,-121.40935464,3
2011,2011-07-23,1625,7,2,16,6,N,A,Y,A,H,A,A,01,W,09,A,,,,,C,Y,N,D,1,0,0,0,21802.0,2,39.49429627,-121.66903118,3
2011,2011-07-18,1230,7,2,12,1,N,A,N,A,H,A,A,01,S,01,C,,,,,C,Y,N,D,3,0,0,0,23152.0,2,39.38024246,-121.5953733,3
2011,2011-07-03,319,7,2,3,7,N,A,N,A,H,D,A,01,E,01,E,,,,,I,Y,N,A,1,0,0,0,23152.0,1,39.36296528,-121.72548849,4
2011,2011-07-12,1959,7,2,19,2,N,A,N,A,B,A,A,01,E,08,E,,,,,I,Y,N,D,1,0,0,0,22107.0,1,39.33521505,-121.49152821,4
2011,2011-08-14,1901,8,2,19,7,Y,A,N,A,H,A,I,12,,01,C,,,,,C,N,F,D,1,0,0,0,23152.0,2,39.36492,-121.70496,3
2011,2011-03-29,1807,3,1,18,2,N,A,Y,A,H,A,J,48,E,06,D,,,,,C,Y,N,D,1,0,0,0,21755.0,2,39.72933328,-121.8560597,4
2011,2011-07-28,1940,7,2,19,4,N,A,N,A,H,D,D,22,E,01,E,,,,,I,N,N,D,1,0,0,0,23152.0,1,39.30442534,-121.72320485,2
2011,2011-04-03,1722,4,1,17,7,N,A,Y,A,H,A,J,48,E,21,C,,,,,C,N,N,A,1,0,0,0,22106.0,2,39.49799683,-121.57429589,4
2011,2011-04-16,1745,4,1,17,6,Y,A,,A,H,A,A,01,,09,D,,,,,C,Y,N,A,1,0,0,0,21802.0,2,39.72744,-121.83381,4
2011,2011-06-23,1535,6,2,15,4,N,A,N,A,H,A,A,01,W,21,C,,,,,C,N,N,A,1,0,0,0,22106.0,2,39.72840152,-121.84325426,4
2011,2011-06-20,1652,6,2,16,1,Y,A,N,A,H,A,A,01,,09,D,,,,,C,Y,N,A,4,0,0,0,21802.0,2,39.80046,-121.58085,3
2011,2011-06-08,1906,6,2,19,3,Y,A,N,A,H,A,C,02,,09,D,,,Y,,C,Y,N,A,1,0,0,1,21806.0,2,39.77043,-121.59771,2
2011,2011-07-14,1428,7,2,14,4,N,A,N,A,H,A,-,- ,E,03,C,,,,,C,N,N,D,2,0,0,0,22350.0,2,39.76109812,-121.82357097,4
2011,2011-07-11,1659,7,2,16,1,N,A,N,A,H,A,L,04,E,09,B,,Y,,,G,Y,N,D,1,0,1,0,21804.0,2,39.7234452,-121.80088877,2
2011,2011-07-26,1309,7,2,13,2,Y,A,Y,A,H,A,-,- ,,10,D,Y,,,,B,N,N,A,1,1,0,0,21950.0,3,39.72932519,-121.81193331,4
2011,2011-07-28,1720,7,2,17,4,N,A,N,A,H,A,-,- ,S,09,H,,Y,,,G,N,N,D,1,0,1,0,21801.0,2,39.73067167,-121.85839095,3
2011,2011-07-24,1607,7,2,16,7,-,A,N,A,H,A,-,- ,S,01,E,,,,,J,,N,D,1,0,0,0,23152.0,1,39.76818904,-121.87283735,2
2011,2011-07-28,1942,7,2,19,4,N,A,N,A,H,A,-,- ,W,01,D,,Y,,,G,N,N,A,1,0,1,0,23153.0,2,39.7610587,-121.84974548,3
2011,2011-08-26,1750,8,2,17,5,N,A,N,A,H,A,-,- ,,01,C,Y,,,,B,Y,M,D,1,1,0,0,23153.0,3,39.7731614,-121.83761533,4
2011,2011-08-27,1143,8,2,11,6,N,A,Y,A,H,A,-,- ,S,08,D,,,,,C,Y,N,A,1,0,0,0,22107.0,2,39.72039293,-121.8454875,4
2011,2011-08-20,2340,8,2,23,6,N,A,N,A,H,D,D,22,S,01,F,,,,,I,Y,N,D,1,0,0,0,23152.0,1,39.54785077,-121.54193942,3
2011,2011-08-13,1820,8,2,18,6,N,A,N,A,H,A,C,06,E,08,B,,,Y,,C,N,M,D,1,0,0,1,22107.0,2,39.50596,-121.40959,3
2011,2011-07-20,1805,7,2,18,3,Y,A,N,A,H,A,A,01,,09,D,,,Y,,C,Y,N,D,1,0,0,1,21801.0,2,39.49748,-121.44915,3
2011,2011-06-22,407,6,2,4,3,N,A,Y,A,H,D,-,99,E,08,G,Y,,,,B,N,F,D,2,2,0,0,22107.0,3,39.50402244,-121.524746,2
2011,2011-08-12,2155,8,2,21,5,N,A,N,A,H,D,A,01,W,08,E,,,,,I,Y,N,D,2,0,0,0,22107.0,1,39.63367312,-121.41379357,3
2011,2011-08-14,1210,8,2,12,7,N,A,N,A,H,A,A,08,N,01,E,,,,,I,Y,N,D,1,0,0,0,23152.0,1,39.57178371,-121.55490227,2
2011,2011-08-08,330,8,2,3,1,N,A,N,A,H,D,A,07,E,08,E,,,,,I,Y,N,D,2,0,0,0,22107.0,1,39.46098148,-121.57786121,3
2011,2011-08-10,1240,8,2,12,3,N,A,N,A,H,A,C,03,S,03,F,,,Y,,I,Y,N,D,1,0,0,1,22350.0,1,39.48737893,-121.53059542,3
2011,2011-08-10,2207,8,2,22,3,N,A,Y,A,H,C,A,01,N,01,A,,,,,C,Y,N,A,3,0,0,0,23152.0,2,39.43484102,-121.60494543,2
2011,2011-09-19,1637,9,3,16,1,N,A,N,A,H,A,E,22,S,03,C,,,,,C,Y,N,D,1,0,0,0,22350.0,2,39.74690976,-121.84198071,4
2011,2011-09-10,2246,9,3,22,6,N,A,N,A,H,C,A,01,E,03,-,,,,,C,N,N,D,1,0,0,0,22350.0,2,39.75707616,-121.86079776,4
2011,2011-07-31,845,7,2,8,7,N,A,N,A,H,A,A,01,W,09,D,,,Y,,C,Y,N,A,1,0,0,1,21804.0,2,39.63287982,-121.39814395,4
2011,2011-07-21,1620,7,2,16,4,Y,A,N,A,H,A,A,01,,09,D,,,,,C,Y,N,A,1,0,0,0,21802.0,2,39.36346,-121.65991,4
2011,2011-07-31,815,7,2,8,7,N,A,N,A,H,A,A,01,E,08,E,,,,,I,Y,N,D,1,0,0,0,22107.0,1,39.32624674,-121.52490047,4
2011,2011-08-16,1345,8,2,13,2,N,A,N,A,H,A,N,60,S,11,G,Y,,,,B,N,N,A,1,1,0,0,21950.0,2,39.73700763,-121.83580878,4
2011,2011-08-18,1440,8,2,14,4,N,A,Y,A,H,A,D,22,S,03,C,,,,,C,Y,N,D,1,0,0,0,22350.0,2,39.68985369,-121.77293013,2
2011,2011-07-10,1730,7,2,17,7,N,A,Y,A,H,A,A,07,E,08,E,,,,,I,Y,N,D,1,0,0,0,22107.0,1,39.65429814,-121.54800465,4
2011,2011-07-16,820,7,2,8,6,Y,A,Y,A,H,A,A,01,,09,D,,,,,C,Y,N,A,2,0,0,0,21802.0,2,39.70429934,-121.53026763,4
2011,2011-07-28,2250,7,2,22,4,N,A,N,A,H,D,A,07,W,01,E,,,,,I,Y,N,D,1,0,0,0,23152.0,1,39.52700051,-121.53162003,3
2011,2011-07-14,1224,7,2,12,4,Y,A,Y,A,H,A,A,01,,09,D,,,Y,,C,Y,N,A,1,0,0,1,21802.0,2,39.34394898,-121.6869325,2
2011,2011-07-24,835,7,2,8,7,N,A,N,A,H,A,A,01,S,03,E,,,,,I,N,N,D,1,0,0,0,22350.0,1,39.70872725,-121.80914275,4
2011,2011-08-03,1905,8,2,19,3,Y,A,N,A,H,A,A,01,,08,E,,,,,I,N,N,D,1,0,0,0,22107.0,1,39.81165,-121.59693,4
2011,2011-08-13,1102,8,2,11,6,N,A,N,A,H,A,A,01,N,05,E,,,,,I,Y,N,D,2,0,0,0,21460.0,2,39.64627383,-121.7646818,4
2011,2011-08-04,1315,8,2,13,4,N,A,N,A,H,A,A,01,S,03,C,,,,,C,Y,N,D,1,0,0,0,22350.0,2,39.84178526,-121.59785165,3
2011,2011-08-12,1010,8,2,10,5,N,A,Y,A,H,A,A,01,N,01,E,,,,,I,Y,N,D,1,0,0,0,23152.0,1,39.58896362,-121.68902037,4
2011,2011-08-04,1930,8,2,19,4,N,A,Y,A,H,A,A,01,E,08,E,,,,,I,Y,N,D,1,0,0,0,22107.0,1,39.7502355,-121.90255011,3
2011,2011-08-14,1910,8,2,19,7,N,A,N,A,H,A,-,- ,E,12,D,,,,,C,Y,N,A,1,0,0,0,21453.0,2,39.76108603,-121.82454573,4
2011,2011-08-12,1145,8,2,11,5,N,A,N,A,H,A,-,- ,N,01,A,,,,,C,Y,N,D,1,0,0,0,23152.0,2,39.7399352,-121.78891331,3
2011,2011-08-18,2015,8,2,20,4,N,A,N,A,H,D,D,22,W,01,E,,,,,I,Y,N,A,1,0,0,0,23152.0,1,39.4212679,-121.72591925,3
2011,2011-08-17,1345,8,2,13,3,Y,A,N,A,H,A,E,22,,08,D,,,,,C,Y,N,A,1,0,0,0,22107.0,2,39.51751,-121.57842,4
2011,2011-07-28,1625,7,2,16,4,N,A,N,A,H,A,A,07,S,01,A,,,,,C,Y,N,D,1,0,0,0,23152.0,2,39.82833532,-121.59640464,1
2011,2011-08-21,2500,8,2,25,7,N,A,N,A,H,D,-,- ,W,03,G,Y,,,,B,N,N,D,0,0,0,0,22350.0,2,39.41496518,-121.70086813,1
2011,2011-06-04,1530,6,2,15,6,N,B,Y,B,H,A,A,01,W,08,E,,,,,I,Y,N,D,3,0,0,0,22107.0,1,39.85911948,-121.38876075,3
2011,2011-10-08,1945,10,3,19,6,N,A,N,A,H,D,A,08,N,03,F,,,,,A,Y,N,D,0,0,0,0,22350.0,1,39.4664995,-121.74498707,1
2011,2011-08-08,1118,8,2,11,1,N,A,N,A,H,A,N,60,N,11,G,Y,,,,B,N,N,A,1,1,0,0,21950.0,2,39.73331636,-121.84294947,3
2011,2011-08-09,1825,8,2,18,2,Y,A,N,A,H,A,L,04,,12,D,,Y,,,G,N,N,A,1,0,1,0,21453.0,2,39.72971,-121.84129,3
2011,2011-08-09,1930,8,2,19,2,N,A,N,A,H,A,-,- ,S,08,D,,,,,C,Y,N,D,1,0,0,0,22107.0,2,39.75783,-121.84397,4
2011,2011-06-30,645,6,2,6,4,N,A,N,A,H,A,A,07,S,05,E,,,,,I,Y,N,D,1,0,0,0,21650.0,1,39.78117206,-121.60291314,4
2011,2011-07-02,1552,7,2,15,6,N,A,N,A,H,A,A,01,W,03,C,,,,,C,N,N,D,1,0,0,0,22350.0,3,39.77037662,-121.61240511,4
2011,2011-07-01,2350,7,2,23,5,N,A,N,A,H,C,-,- ,E,01,F,,,,,E,Y,N,D,1,0,0,0,23152.0,1,39.74871,-121.59306519,2
2011,2011-07-14,1533,7,2,15,4,Y,-,N,A,H,A,A,08,,03,C,,,,,C,Y,N,D,1,0,0,0,22350.0,2,39.75218,-121.61727,4
2011,2011-08-25,2039,8,2,20,4,Y,A,Y,A,H,C,D,22,,12,D,,,,Y,C,Y,N,A,1,0,0,0,21453.0,2,39.72552519,-121.83488332,2
2011,2011-05-15,2500,5,1,25,7,N,C,Y,B,H,D,D,22,N,01,E,,,,,I,Y,N,D,1,0,0,0,23152.0,1,39.87074992,-121.96695821,3
2011,2011-09-05,1328,9,3,13,1,N,A,Y,A,H,A,C,02,S,03,C,,,Y,,C,Y,N,D,1,0,0,1,22350.0,2,39.73876392,-121.82248495,3
2011,2011-08-19,1450,8,2,14,5,N,A,N,A,H,A,D,22,W,06,E,,,,,I,Y,N,D,1,0,0,0,21750.0,2,,,3
2011,2011-08-21,830,8,2,8,7,N,A,Y,A,D,A,D,22,S,03,C,,,,,C,Y,N,A,2,0,0,0,22350.0,2,39.3833825,-121.61182407,4
2011,2011-09-12,30,9,3,0,1,N,A,N,A,H,D,D,22,N,08,E,,,,,I,Y,N,D,1,0,0,0,22107.0,1,39.57326955,-121.61452089,4
2011,2011-09-24,2215,9,3,22,6,N,A,N,A,H,C,D,22,S,08,E,,,,,I,Y,N,D,1,0,0,0,22107.0,1,39.49754619,-121.74486101,3
2011,2011-09-21,1747,9,3,17,3,N,A,N,A,H,A,G,25,S,08,B,,,,Y,C,N,N,D,1,0,0,0,22100.0,2,39.36345968,-121.65992324,4
2011,2011-08-08,1622,8,2,16,1,N,A,N,A,H,A,D,22,S,03,C,,,,,C,Y,N,D,2,0,0,0,22350.0,2,,,4
2011,2011-08-30,1600,8,2,16,2,N,A,N,A,H,A,-,- ,S,17,B,,,,,C,N,N,D,1,0,0,0,21662.0,2,39.88561387,-121.6708536,4
2011,2011-08-19,453,8,2,4,5,N,A,N,A,H,C,F,26,W,03,C,,,,Y,C,N,N,D,1,0,0,0,22350.0,2,39.70534233,-121.81485209,3
2011,2011-08-23,1932,8,2,19,2,N,A,N,A,H,A,A,01,S,09,D,,,,,C,N,N,A,1,0,0,0,21804.0,2,39.76989571,-121.61247485,4
2011,2011-08-24,836,8,2,8,3,N,A,N,A,H,A,L,04,N,- ,D,,Y,,,G,N,N,A,1,0,1,0,,2,39.741968,-121.84892973,3
2011,2011-08-26,4,8,2,0,5,N,A,Y,A,H,C,-,- ,W,01,C,,,,,E,Y,N,D,1,0,0,0,23152.0,3,39.72782739,-121.83142943,4
2011,2011-08-05,1033,8,2,10,5,Y,A,N,A,H,A,A,01,,12,D,,,,,C,Y,N,A,1,0,0,0,22450.0,2,39.74092,-121.84804,4
2011,2011-08-09,1648,8,2,16,2,Y,A,N,A,H,A,A,01,,- ,B,,,,,C,N,N,D,1,0,0,0,,2,39.77765,-121.60306,4
2011,2011-08-01,1659,8,2,16,1,Y,A,Y,A,H,A,-,99,,09,D,,,,,C,Y,F,A,1,0,0,0,21802.0,2,39.50363275,-121.45959305,4
2011,2011-07-30,1344,7,2,13,6,Y,A,N,C,H,A,A,07,,03,C,,,,,C,N,N,D,1,0,0,0,22350.0,3,39.79734,-121.5855,4
2011,2011-07-25,1643,7,2,16,1,Y,A,N,A,H,A,-,- ,,00,D,,Y,,,G,N,N,A,1,0,1,0,,2,39.7549,-121.62756,4