ACCIDENT_YEAR,COLLISION_DATE,COLLISION_TIME,MONTH,SEASON,24HOURS,DAY_OF_WEEK,INTERSECTION,WEATHER_1,STATE_HWY_IND,ROAD_SURFACE,ROAD_COND_1,LIGHTING,STWD_VEHTYPE_AT_FAULT,CHP_VEHTYPE_AT_FAULT,DIRECTION,PCF_VIOL_CATEGORY,TYPE_OF_COLLISION,PEDESTRIAN_ACCIDENT,BICYCLE_ACCIDENT,MOTORCYCLE_ACCIDENT,TRUCK_ACCIDENT,MVIW,TOW_AWAY,HIT_AND_RUN,CONTROL_DEVICE,NUMBER_INJURED,COUNT_PED_INJURED,COUNT_BICYCLIST_INJURED,COUNT_MC_INJURED,PCF_VIOLATION,PARTY_COUNT,POINT_Y,POINT_X,COLLISION_SEVERITY
2011,2011-09-03,2052,9,3,20,6,N,A,N,A,H,D,A,07,S,21,D,,,,,C,N,N,D,1,0,0,0,22106.0,2,39.83744571,-121.597734,4
2011,2011-08-24,1122,8,2,11,3,N,A,N,A,H,A,A,01,,05,G,Y,,,,B,N,F,D,1,1,0,0,21650.0,2,39.75952,-121.603,4
2011,2011-08-06,330,8,2,3,6,N,A,N,A,H,D,A,01,S,05,A,,,,,I,Y,N,D,1,0,0,0,21650.0,1,39.72679634,-121.61226107,3
2011,2011-08-31,1430,8,2,14,3,N,A,N,A,H,A,L,04,E,08,D,,Y,,,C,N,N,D,1,0,1,0,22107.0,2,39.43418948,-121.5766917,3
2011,2011-09-05,1140,9,3,11,1,N,A,Y,A,H,A,D,22,E,05,F,,,,,A,Y,N,D,1,0,0,0,21650.0,1,39.76657779,-121.46575836,4
2011,2011-08-12,1355,8,2,13,5,N,A,Y,A,H,A,A,01,N,03,C,,,,,C,Y,N,D,1,0,0,0,22350.0,4,39.54277713,-121.58984084,3
2011,2011-08-05,1713,8,2,17,5,N,A,Y,A,H,A,D,22,E,09,D,,,,,C,N,N,D,1,0,0,0,21801.0,2,39.50635328,-121.57353272,4
2011,2011-07-01,1053,7,2,10,5,Y,A,N,-,H,A,D,22,,09,D,,,,,C,Y,N,A,1,0,0,0,21800.0,2,39.49588,-121.51975,4
2011,2011-07-01,1722,7,2,17,5,Y,A,N,A,H,A,A,01,,12,D,,,,,C,Y,N,A,1,0,0,0,22450.0,2,39.51935,-121.5737,4
2011,2011-05-25,2254,5,1,22,3,Y,A,N,A,H,C,D,22,,- ,A,,,,,C,Y,N,A,1,0,0,0,,2,39.50869,-121.54387,2
2011,2011-09-10,1655,9,3,16,6,N,A,N,A,H,A,-,- ,E,01,D,,,,,C,Y,N,A,4,0,0,0,23152.0,2,39.71441132,-121.81191155,4
2011,2011-09-13,303,9,3,3,2,N,B,N,A,H,D,-,- ,E,01,F,,,,,-,Y,N,D,1,0,0,0,23152.0,1,39.75638561,-121.84162134,3
2011,2011-09-15,1404,9,3,14,4,N,A,N,A,H,A,-,- ,E,08,B,,Y,,,G,N,N,A,1,0,1,0,22107.0,2,39.73615403,-121.86913743,3
2011,2011-09-07,950,9,3,9,3,Y,A,N,A,H,A,D,22,,09,D,,,,,C,Y,N,A,2,0,0,0,21801.0,2,39.7454,-121.84088,4
2011,2011-08-31,325,8,2,3,3,Y,A,N,A,H,D,-,99,,10,D,Y,,,,B,N,F,D,1,1,0,0,21950.0,2,39.72205,-121.84903,3
2011,2011-08-26,1726,8,2,17,5,Y,A,N,-,H,A,A,01,,17,D,,,,,C,Y,N,A,3,0,0,0,21451.0,2,39.73481,-121.80222,4
2011,2011-08-26,825,8,2,8,5,N,A,Y,A,H,A,A,01,E,03,C,,,,,C,,N,A,3,0,0,0,22350.0,2,39.74035927,-121.79975033,3
2011,2011-08-30,1904,8,2,19,2,N,A,N,A,H,A,A,01,W,01,C,,,,,E,Y,N,D,1,0,0,0,23152.0,2,39.73562964,-121.85068415,4
2011,2011-09-02,1441,9,3,14,5,Y,A,N,A,H,A,L,04,,05,D,,Y,,,G,N,N,-,1,0,1,0,21650.0,2,39.74159,-121.83099,3
2011,2011-09-02,1108,9,3,11,5,Y,A,Y,A,H,A,-,- ,,03,C,,,,,C,Y,N,A,1,0,0,0,22350.0,2,39.75240519,-121.84168332,4
2011,2011-09-15,1525,9,3,15,4,Y,A,N,A,H,A,A,01,,12,D,,,,Y,C,Y,N,A,1,0,0,0,21453.0,2,39.71144141,-121.77471936,4
2011,2011-09-02,13,9,3,0,5,N,A,N,A,H,D,D,22,W,01,E,,,,,I,Y,F,D,3,0,0,0,23152.0,1,39.84036972,-121.99550666,3
2011,2011-08-28,1800,8,2,18,7,N,A,N,A,H,A,D,22,E,08,F,,,,,A,Y,N,D,3,0,0,0,22107.0,1,39.78690145,-121.5751849,3
2011,2011-09-02,1150,9,3,11,5,N,A,Y,A,H,A,A,01,W,03,C,,,,,C,Y,N,D,2,0,0,0,22350.0,2,39.74583145,-121.89219737,4
2011,2011-08-29,848,8,2,8,1,N,A,N,A,H,A,A,07,S,08,F,,,,,I,Y,N,A,3,0,0,0,22107.0,1,39.43413028,-121.57683179,4
2011,2011-08-31,1720,8,2,17,3,N,A,Y,A,H,A,A,07,E,01,F,,,,,I,Y,N,D,1,0,0,0,23152.0,1,39.80368398,-121.44050915,3
2011,2011-08-24,1720,8,2,17,3,N,A,Y,A,D,A,A,01,N,03,C,,,,,C,N,N,A,1,0,0,0,22350.0,2,39.47819552,-121.57549897,4
2011,2011-08-20,1420,8,2,14,6,N,A,Y,A,H,A,A,01,N,03,C,,,,,C,Y,N,D,2,0,0,0,22350.0,2,39.69030159,-121.77385175,3
2011,2011-08-16,2230,8,2,22,2,N,A,Y,A,H,D,A,01,,03,C,,,,,C,Y,N,D,1,0,0,0,22350.0,2,39.79327519,-121.89866334,4
2011,2011-08-27,1725,8,2,17,6,N,A,Y,A,H,A,A,08,E,09,A,,,,,C,Y,N,D,2,0,0,0,21801.0,2,39.7976753,-121.9033113,3
2011,2011-08-29,552,8,2,5,1,N,A,Y,A,H,D,D,22,S,17,E,,,Y,,J,N,M,D,1,0,0,1,23114.0,2,39.78993457,-121.89107664,4
2011,2011-09-22,1015,9,3,10,4,N,A,Y,A,H,A,-,- ,W,18,E,,,,,I,Y,N,D,1,0,0,0,,1,39.75327014,-121.97330786,3
2011,2011-09-03,1140,9,3,11,6,Y,A,Y,A,H,A,A,07,,09,D,,,,,C,Y,N,A,1,0,0,0,21802.0,2,39.50363275,-121.45959305,4
2011,2011-09-08,1828,9,3,18,4,N,A,N,A,H,A,D,22,N,08,E,,,,,I,Y,N,D,1,0,0,0,22107.0,1,39.38825015,-121.53982209,4
2011,2011-09-21,823,9,3,8,3,N,A,Y,A,D,A,D,22,N,01,E,,,,,I,Y,N,D,1,0,0,0,23152.0,1,39.48728559,-121.6886345,4
2011,2011-09-06,1530,9,3,15,2,N,A,N,A,H,A,-,- ,E,08,D,,Y,,,G,N,N,D,1,0,1,0,22107.0,2,39.74152129,-121.8499178,4
2011,2011-08-16,955,8,2,9,2,Y,A,N,A,H,A,A,01,,08,B,,,Y,,C,N,N,D,1,0,0,1,22100.0,2,39.72797,-121.82945,2
2011,2011-08-30,1733,8,2,17,2,N,A,Y,A,H,A,A,01,W,03,C,,,,,C,Y,N,A,1,0,0,0,22350.0,2,39.50500653,-121.50739906,4
2011,2011-08-26,1255,8,2,12,5,N,A,N,A,H,A,A,01,N,08,B,,,Y,,C,Y,F,A,1,0,0,1,22107.0,2,39.33993435,-121.53792071,2
2011,2011-09-03,1645,9,3,16,6,N,A,Y,A,H,A,-,- ,E,18,E,,,,,I,Y,N,D,2,0,0,0,,2,39.66118067,-121.53556974,3
2011,2011-09-10,124,9,3,1,6,Y,A,N,A,H,C,A,01,,01,E,,,,,I,Y,M,A,1,0,0,0,23152.0,1,39.7454,-121.84088,4
2011,2011-08-23,1657,8,2,16,2,N,A,Y,A,H,A,L,04,S,09,H,,Y,,,G,N,N,D,1,0,1,0,21804.0,2,39.36434061,-121.68794924,3
2011,2011-09-13,1035,9,3,10,2,N,A,Y,A,H,A,A,01,E,08,E,,,,,I,Y,N,D,1,0,0,0,22107.0,1,39.50426141,-121.51222052,4
2011,2011-09-19,2130,9,3,21,1,N,A,N,A,H,D,A,01,W,08,A,,,,,I,Y,N,D,2,0,0,0,22107.0,1,39.5271867,-121.48240417,4
2011,2011-09-22,835,9,3,8,4,Y,A,N,A,H,A,A,01,,09,D,,Y,,,G,N,N,A,1,0,1,0,21802.0,2,39.49392,-121.5492,3
2011,2011-09-20,805,9,3,8,2,N,A,N,A,H,A,A,01,N,21,D,,,,,C,N,N,D,2,0,0,0,22106.0,2,39.48327294,-121.54062324,3
2011,2011-09-08,1140,9,3,11,4,N,A,N,A,H,A,A,07,E,01,F,,,,,I,Y,N,D,1,0,0,0,23152.0,1,39.5145344,-121.44221685,4
2011,2011-09-22,1505,9,3,15,4,N,A,N,A,H,A,A,07,E,01,E,,,,,I,Y,N,D,1,0,0,0,23152.0,1,39.80302866,-121.58363275,4
2011,2011-09-16,130,9,3,1,5,N,A,N,A,H,C,A,01,N,01,E,,,,,I,Y,N,D,1,0,0,0,23152.0,1,39.69371976,-121.79895247,2
2011,2011-09-21,640,9,3,6,3,N,A,N,A,H,B,A,01,N,03,C,,,,,C,Y,N,D,2,0,0,0,22350.0,2,39.65873478,-121.86175677,2
2011,2011-09-11,1630,9,3,16,7,N,A,N,A,H,A,A,01,E,08,E,,,,,I,Y,N,D,1,0,0,0,22107.0,1,39.73162748,-121.68288883,3
2011,2011-09-09,1625,9,3,16,5,N,A,N,A,H,A,A,01,S,03,C,,,,,C,N,N,D,1,0,0,0,22350.0,2,39.8352039,-121.84357742,4
2011,2011-09-08,1830,9,3,18,4,Y,A,N,A,H,A,A,07,,12,D,,,,,C,Y,N,A,1,0,0,0,21453.0,2,39.72552,-121.83487,2
2011,2011-09-07,1505,9,3,15,3,N,A,N,A,H,A,L,04,S,- ,D,,Y,,,G,N,N,D,1,0,1,0,,2,,,3
2011,2011-09-05,1855,9,3,18,1,N,A,N,A,H,B,A,07,W,08,G,Y,,,,B,N,N,D,1,1,0,0,22107.0,2,39.5197168,-121.58107415,4
2011,2011-09-12,1207,9,3,12,1,N,A,N,A,H,A,-,- ,E,18,E,,,,,I,Y,N,D,1,0,0,0,,1,39.76087332,-121.84277066,3
2011,2011-08-23,1333,8,2,13,2,N,A,N,A,H,A,L,04,W,05,D,,Y,,,G,N,N,A,1,0,1,0,21650.0,2,39.72039329,-121.8197151,3
2011,2011-08-20,1824,8,2,18,6,Y,A,N,A,H,A,C,02,,00,C,,,Y,,E,Y,N,D,1,0,0,1,23103.0,2,39.72737,-121.83212,2
2011,2011-08-18,1405,8,2,14,4,N,A,Y,A,H,A,-,- ,W,03,C,,,,,C,Y,N,D,1,0,0,0,22350.0,2,39.73991691,-121.80197952,4
2011,2011-08-12,1659,8,2,16,5,N,A,N,A,H,A,C,02,E,08,E,,,Y,,I,Y,N,D,1,0,0,1,22107.0,1,39.67513757,-121.76861733,2
2011,2011-08-16,1623,8,2,16,2,N,A,N,A,H,A,A,01,W,08,E,,,,,I,Y,N,D,1,0,0,0,22107.0,1,39.71560081,-121.70891472,4
2011,2011-10-10,1557,10,3,15,1,Y,A,N,B,H,A,I,11,,09,D,,,,,C,Y,N,D,1,0,0,0,21802.0,2,39.74609,-121.83928,2
2011,2011-10-03,1000,10,3,10,1,N,A,N,A,H,A,F,27,N,05,F,,,,Y,A,Y,N,D,1,0,0,0,21650.0,1,39.97657725,-121.53737039,4
2011,2011-10-13,1047,10,3,10,4,N,A,Y,A,D,A,A,08,S,03,C,,,,,C,N,N,A,1,0,0,0,22350.0,2,39.72303924,-121.80677896,4
2011,2011-09-27,2010,9,3,20,2,N,A,Y,A,D,D,A,01,S,03,C,,,,,C,Y,N,D,2,0,0,0,22350.0,5,39.73565598,-121.81827608,3
2011,2011-09-17,1145,9,3,11,6,N,A,N,A,H,A,C,02,W,08,E,,,Y,,I,,N,D,1,0,0,1,22107.0,1,39.41266387,-121.38184842,3
2011,2011-09-16,740,9,3,7,5,N,A,N,A,H,A,A,07,W,05,A,,,,,C,Y,N,D,2,0,0,0,21460.0,2,39.49164886,-121.51118358,3
2011,2011-09-15,1100,9,3,11,4,N,A,N,A,H,A,A,01,N,03,C,,,,,C,N,N,D,1,0,0,0,22350.0,2,39.46637942,-121.52100766,4
2011,2011-09-10,1750,9,3,17,6,Y,A,N,A,H,A,A,01,,08,D,,,Y,,C,Y,N,D,1,0,0,0,22107.0,2,39.71579,-121.84328,2
2011,2011-10-13,1825,10,3,18,4,Y,A,N,A,H,A,C,02,,12,D,,,Y,,C,Y,N,A,1,0,0,1,21453.0,2,39.72758,-121.83724,2
2011,2011-10-07,1950,10,3,19,5,N,A,N,A,H,D,D,22,E,01,E,,,,,I,Y,N,D,1,0,0,0,23152.0,1,39.36282564,-121.74094896,3
2011,2011-10-08,140,10,3,1,6,Y,A,N,A,H,C,D,22,,03,E,,,,,I,Y,N,A,1,0,0,0,22350.0,2,39.36491,-121.70668,3
2011,2011-10-29,1151,10,3,11,6,N,A,Y,A,H,A,A,01,S,03,C,,,,,C,Y,N,A,1,0,0,0,22350.0,2,39.46484519,-121.57813324,4
2011,2011-10-31,1800,10,3,18,1,N,A,N,A,H,A,D,22,W,01,E,,,,,I,Y,N,D,1,0,0,0,23152.0,1,39.46666972,-121.52405417,2
2011,2011-10-21,1630,10,3,16,5,N,A,N,A,B,A,D,22,E,01,E,,,,,I,Y,N,D,1,0,0,0,23152.0,1,39.98270882,-121.70140259,3
2011,2011-10-11,1925,10,3,19,2,N,A,N,A,H,D,D,22,W,01,E,,,,,I,Y,N,D,1,0,0,0,23152.0,1,40.08183513,-121.547861,3
2011,2011-09-05,57,9,3,0,1,Y,A,N,A,H,C,A,01,,01,E,,,,,I,Y,N,A,1,0,0,0,23152.0,1,39.80046688,-121.58086002,2
2011,2011-09-20,1537,9,3,15,2,Y,A,N,A,H,A,A,01,,01,A,,,,,C,Y,N,A,4,0,0,0,23152.0,4,39.75225,-121.60776,2
2011,2011-09-13,1539,9,3,15,2,N,A,Y,A,H,A,A,01,N,03,C,,,,,C,Y,N,D,3,0,0,0,22350.0,2,39.70075519,-121.7855633,4
2011,2011-09-06,2150,9,3,21,2,N,A,Y,A,D,D,A,01,N,03,C,,,,,C,Y,N,A,1,0,0,0,22350.0,2,39.84946029,-121.94860968,4
2011,2011-09-06,1855,9,3,18,2,N,A,Y,A,H,A,A,01,S,07,E,,,,,I,Y,N,D,5,0,0,0,21658.0,2,39.741782,-121.82700855,3
2011,2011-09-30,1550,9,3,15,5,N,A,N,A,H,A,-,- ,W,03,C,,,,,C,Y,N,A,1,0,0,0,22350.0,3,39.70782717,-121.81094163,3
2011,2011-10-04,1414,10,3,14,2,Y,B,N,B,H,A,A,01,,12,D,,,,,C,N,N,A,2,0,0,0,22450.0,2,39.36546,-121.69835,4
2011,2011-09-08,2045,9,3,20,4,N,A,N,A,H,C,C,02,N,01,E,,,Y,,I,Y,N,D,1,0,0,1,23152.0,1,39.48827044,-121.55118714,2
2011,2011-10-23,1812,10,3,18,7,N,A,N,A,H,B,A,01,S,06,C,,,,,C,Y,N,D,1,0,0,0,21750.0,2,39.31635025,-121.65997266,3
2011,2011-10-21,1540,10,3,15,5,N,A,Y,A,H,A,A,07,N,01,B,,,,,C,N,N,A,1,0,0,0,23152.0,2,39.46519211,-121.57780767,3
2011,2011-09-25,1440,9,3,14,7,N,B,N,B,H,A,A,01,S,08,E,,,,,I,Y,N,D,2,0,0,0,22107.0,1,39.6352667,-121.37622866,4
2011,2011-10-07,350,10,3,3,5,Y,A,N,A,H,D,A,01,,01,E,,,,,I,Y,N,A,2,0,0,0,23152.0,1,39.46291,-121.4811,2
2011,2011-10-05,2150,10,3,21,3,N,B,N,B,H,D,A,01,N,08,E,,,,,I,Y,N,D,1,0,0,0,22107.0,1,39.76263058,-121.5253222,3
2011,2011-10-07,623,10,3,6,5,N,A,N,A,H,D,A,01,E,08,A,,,,,C,N,N,D,2,0,0,0,22107.0,2,39.41499775,-121.68455958,2
2011,2011-10-06,105,10,3,1,4,N,B,Y,B,H,D,A,01,E,01,E,,,,,I,Y,N,D,1,0,0,0,23152.0,1,39.5038252,-121.52660324,3
2011,2011-10-28,1215,10,3,12,5,Y,A,N,A,H,A,-,- ,,10,G,Y,,,,B,N,N,D,1,1,0,0,21950.0,2,39.73674,-121.845,3
2011,2011-10-19,1404,10,3,14,3,N,A,N,A,H,A,A,01,E,03,C,,,,,C,N,N,D,1,0,0,0,22350.0,2,39.77040525,-121.60966963,4
2011,2011-10-25,1945,10,3,19,2,N,A,N,A,H,C,N,60,N,11,G,Y,,,,B,Y,N,D,1,1,0,0,21954.0,2,39.75277671,-121.60779225,3
2011,2011-10-05,1927,10,3,19,3,N,B,N,B,H,C,-,- ,S,12,D,,,,,C,Y,N,A,2,0,0,0,21453.0,2,39.72891235,-121.83875333,3
2011,2011-10-04,856,10,3,8,2,N,B,N,B,H,A,A,01,N,01,C,,,,,C,N,N,D,1,0,0,0,23152.0,2,39.72354947,-121.82447033,4
2011,2011-10-04,748,10,3,7,2,N,C,Y,B,H,A,-,- ,S,18,C,,,,,D,,N,A,1,0,0,0,,2,39.73060134,-121.85816773,4
2011,2011-10-04,1410,10,3,14,2,Y,B,Y,B,H,A,A,01,,09,D,,,,,C,,N,D,1,0,0,0,21802.0,2,39.72493519,-121.83755332,3
2011,2011-09-14,1612,9,3,16,3,Y,A,N,A,H,A,-,- ,,12,D,,,,,C,Y,N,A,1,0,0,0,21453.0,2,39.72552,-121.83487,3
2011,2011-09-14,727,9,3,7,3,Y,A,N,A,H,A,L,04,,05,D,,Y,,,G,N,N,A,1,0,1,0,21650.0,2,39.76086,-121.84354,3
2011,2011-09-22,845,9,3,8,4,Y,A,Y,-,A,A,A,08,,12,C,,,,,A,Y,N,D,1,0,0,0,21453.0,3,39.72917741,-121.82941999,4
2011,2011-10-26,1047,10,3,10,3,N,A,Y,A,H,A,A,01,N,03,C,,,,,C,N,N,D,1,0,0,0,22350.0,2,39.69006903,-121.77317174,4
2011,2011-10-18,1506,10,3,15,2,N,A,N,A,H,A,D,22,E,01,E,,,,,I,Y,N,D,5,0,0,0,23152.0,1,39.7312052,-121.67922406,2
2011,2011-10-15,2130,10,3,21,6,Y,A,Y,A,H,C,D,22,,12,D,,,,,C,Y,N,A,1,0,0,0,21453.0,2,39.79032519,-121.89147333,3
2011,2011-06-30,1042,6,2,10,4,N,A,Y,A,H,A,A,01,S,03,C,,,,,C,N,N,A,2,0,0,0,22350.0,2,39.50339957,-121.45829851,4
2011,2011-06-25,146,6,2,1,6,Y,A,N,A,H,E,A,07,,01,E,,,,,J,Y,N,D,1,0,0,0,23152.0,1,39.50665,-121.55678,3
2011,2011-07-11,1850,7,2,18,1,Y,A,N,A,H,A,A,07,,09,A,,,,,C,Y,N,D,1,0,0,0,21802.0,2,39.52411,-121.55878,4
2011,2011-07-02,1427,7,2,14,6,Y,A,N,A,H,A,A,01,,17,D,,,,,C,N,N,A,1,0,0,0,21451.0,2,39.50682,-121.55128,4
2011,2011-07-27,2222,7,2,22,3,N,A,N,A,H,C,M,96,N,03,H,,,,,I,Y,N,D,1,0,0,0,22350.0,1,39.48501,-121.61858,2
2011,2011-08-18,1046,8,2,10,4,Y,A,N,A,H,A,A,01,,08,B,,,,,C,Y,N,D,3,0,0,0,22100.0,2,39.50924,-121.55546,4
2011,2011-10-12,1639,10,3,16,3,Y,A,N,A,H,B,D,22,,08,D,,,,,C,Y,N,A,3,0,0,0,22107.0,2,39.7454,-121.84088,4
2011,2011-09-22,17,9,3,0,4,Y,A,N,A,H,C,C,02,,01,C,,,Y,,C,Y,N,A,2,0,0,1,23152.0,2,39.75949,-121.6124,3
2011,2011-10-11,1018,10,3,10,2,Y,A,N,B,H,A,A,07,,03,C,,,,,C,N,N,A,1,0,0,0,22350.0,2,39.7594615,-121.618478,4
2011,2011-10-03,1155,10,3,11,1,N,A,N,A,H,A,A,01,N,09,D,,,Y,,C,N,N,D,1,0,0,1,21804.0,2,39.75393603,-121.6285783,4
2011,2011-10-02,1929,10,3,19,7,N,A,Y,A,H,D,A,01,N,05,D,,,,,C,Y,F,D,3,0,0,0,21650.0,2,39.35053339,-121.68788356,3
2011,2011-10-03,1740,10,3,17,1,Y,B,N,B,H,B,-,- ,,03,C,,,,,C,N,N,D,1,0,0,0,22350.0,3,39.73853,-121.844,4
2011,2011-09-27,835,9,3,8,2,N,A,N,A,H,A,-,- ,E,03,C,,,Y,,C,N,N,A,1,0,0,1,22350.0,2,39.74640165,-121.85150719,3
2011,2011-09-16,829,9,3,8,5,N,A,N,A,H,A,-,- ,W,05,F,,,,,C,Y,N,D,2,0,0,0,21650.0,2,39.71330673,-121.77846324,4
2011,2011-09-16,1710,9,3,17,5,Y,A,N,A,H,A,-,- ,,10,G,Y,,,,B,N,N,D,1,1,0,0,21950.0,2,39.72526,-121.84608,4
2011,2011-10-13,1240,10,3,12,4,N,A,N,A,H,A,L,04,N,05,D,,Y,,,G,N,N,A,1,0,1,0,21650.0,2,39.72101167,-121.80165331,4
2011,2011-10-04,741,10,3,7,2,N,C,N,B,H,A,A,07,E,03,C,,,,,C,N,N,A,2,0,0,0,22350.0,2,39.75221521,-121.61166407,4
2011,2011-09-16,1307,9,3,13,5,Y,A,N,A,H,A,A,01,,09,A,,,,,C,Y,N,D,2,0,0,0,21801.0,3,39.75791,-121.60697,2
2011,2011-09-19,1247,9,3,12,1,N,A,N,A,H,A,A,01,S,03,C,,,,,C,Y,N,B,1,0,0,0,22350.0,2,39.7442524,-121.60766174,4
2011,2011-08-24,811,8,2,8,3,N,A,N,A,H,A,A,01,S,03,C,,,,,C,Y,N,D,2,0,0,0,22350.0,3,39.77911901,-121.60486042,4
2011,2011-09-03,1115,9,3,11,6,N,A,Y,A,H,A,-,- ,N,00,B,,,,,C,N,N,D,1,0,0,0,,2,39.48395473,-121.57543868,3
2011,2011-10-31,1026,10,3,10,1,N,A,N,A,H,A,A,01,S,09,D,,,,,C,Y,N,A,3,0,0,0,21802.0,3,39.75969268,-121.84354483,4
2011,2011-10-20,1653,10,3,16,4,N,A,N,A,H,A,A,01,S,08,E,,,,,I,Y,N,D,1,0,0,0,22107.0,1,39.82034934,-121.58826651,3
2011,2011-10-15,1456,10,3,14,6,N,A,N,A,H,A,A,07,N,04,H,,,,,H,Y,N,D,6,0,0,0,21703.0,2,39.7055276,-121.57449782,3
2011,2011-10-20,1821,10,3,18,4,N,A,Y,A,H,B,A,01,N,03,E,,,,,I,Y,N,D,1,0,0,0,22350.0,1,39.88756253,-121.66585729,4
2011,2011-11-01,1330,11,3,13,2,N,A,Y,A,H,A,C,02,E,03,E,,,Y,,I,Y,N,D,1,0,0,1,22350.0,1,39.95641815,-121.64479121,2
2011,2011-10-31,1633,10,3,16,1,N,A,N,A,H,A,A,07,N,03,C,,,,,C,Y,N,D,2,0,0,0,22350.0,2,39.77379071,-121.594404,3
2011,2011-09-29,200,9,3,2,4,N,A,N,A,H,D,A,01,N,08,E,,,,,I,Y,N,D,1,0,0,0,22107.0,1,39.89162868,-121.75114274,2
2011,2011-09-30,330,9,3,3,5,N,A,N,A,H,D,A,07,N,01,E,,,,,I,Y,M,A,1,0,0,0,23152.0,1,39.68865697,-121.87013975,3
2011,2011-09-29,1805,9,3,18,4,N,A,N,A,H,A,-,- ,N,18,H,,,Y,,H,Y,N,D,1,0,0,1,,1,39.75668795,-121.62580479,2
2011,2011-09-30,750,9,3,7,5,N,A,Y,A,H,A,C,02,N,03,F,,,Y,,A,N,N,D,1,0,0,1,22350.0,1,39.65339115,-121.63263837,3
2011,2011-10-03,1050,10,3,10,1,N,B,Y,A,H,A,A,07,N,03,C,,,,,C,N,N,A,1,0,0,0,22350.0,2,39.73869519,-121.82239332,4
2011,2011-10-16,1035,10,3,10,7,N,A,N,A,H,A,A,07,S,08,F,,,,,A,Y,N,D,1,0,0,0,22107.0,1,39.87906983,-121.76480184,4
2011,2011-10-17,1138,10,3,11,1,N,A,N,A,H,A,A,07,E,01,E,,,,,I,Y,N,D,1,0,0,0,23152.0,1,39.73037002,-121.68498976,3
2011,2011-10-03,2220,10,3,22,1,N,B,N,B,H,C,J,48,S,09,D,,Y,,,G,N,N,A,1,0,1,0,21804.0,2,39.72865032,-121.84815409,4
2011,2011-10-13,1135,10,3,11,4,N,A,Y,A,H,A,A,01,S,03,C,,,,,C,N,N,A,3,0,0,0,22350.0,3,39.7220894,-121.80605397,3
2011,2011-10-14,1709,10,3,17,5,Y,A,N,A,H,A,C,03,,01,E,,,Y,,I,Y,N,A,1,0,0,1,23152.0,1,39.76937,-121.82948,3
2011,2011-10-15,1334,10,3,13,6,N,A,N,A,H,A,-,- ,W,08,D,,,,,C,Y,N,D,2,0,0,0,22107.0,2,39.75791409,-121.84432356,4
2011,2011-10-30,1742,10,3,17,7,N,A,Y,A,D,A,A,01,S,01,C,,,,,C,Y,N,A,1,0,0,0,23152.0,2,39.78916405,-121.89054198,4
2011,2011-11-03,1730,11,3,17,4,N,B,Y,B,H,B,D,22,N,03,E,,,,,I,Y,N,D,1,0,0,0,22350.0,1,39.69309137,-121.61507836,4
2011,2011-11-03,1835,11,3,18,4,N,B,N,B,H,D,A,01,W,03,C,Y,,,,C,Y,N,D,2,1,0,0,22350.0,3,39.72297671,-121.71178174,4
2011,2011-11-02,2346,11,3,23,3,Y,A,N,A,H,D,D,22,,12,D,,Y,,,G,N,F,A,1,0,1,0,22450.0,2,39.73539,-121.84173,3
2011,2011-11-12,1100,11,3,11,6,N,B,N,A,H,A,D,22,N,08,G,Y,,,,B,N,M,D,1,1,0,0,22107.0,2,39.80536495,-121.57773256,4
2011,2011-10-28,1648,10,3,16,5,N,A,N,A,E,A,-,- ,N,00,B,,,,,C,Y,N,D,1,0,0,0,,2,39.82731,-121.95689731,3
2011,2011-10-31,630,10,3,6,1,N,A,N,A,H,D,D,22,N,05,E,,,,,I,Y,N,D,1,0,0,0,21650.0,1,39.85758253,-121.60782228,4
2011,2011-10-30,1300,10,3,13,7,N,A,Y,A,D,A,A,01,S,03,C,,,,,C,N,N,D,3,0,0,0,22350.0,2,39.73445519,-121.81712331,4
2011,2011-11-01,1200,11,3,12,2,N,A,Y,A,H,A,L,04,N,05,H,,Y,,,G,N,N,D,1,0,1,0,21650.0,2,39.72997992,-121.85695224,4
2011,2011-11-04,1158,11,3,11,5,N,A,N,A,H,A,A,01,W,09,H,,,,,A,,N,D,1,0,0,0,21804.0,2,39.73513776,-121.83296958,2
2011,2011-11-02,1619,11,3,16,3,N,A,Y,A,H,A,L,04,,05,D,,Y,,,G,N,N,D,1,0,1,0,21650.0,2,39.72830866,-121.85462059,4
2011,2011-11-01,945,11,3,9,2,Y,A,N,A,A,A,A,01,,09,D,,,,,C,N,N,A,1,0,0,0,21801.0,3,39.72394,-121.81828,4
2011,2011-11-09,1315,11,3,13,3,Y,B,N,A,H,A,A,01,,07,B,,,Y,,C,N,N,D,1,0,0,1,21658.0,2,39.7247,-121.84872,3
2011,2011-11-03,1259,11,3,12,4,N,B,N,A,H,A,L,04,S,05,D,,Y,,,G,N,N,D,1,0,1,0,21650.0,2,39.74635259,-121.87855072,3
2011,2011-11-08,1300,11,3,13,2,N,A,N,A,H,A,A,01,S,08,E,,,,,I,Y,N,D,1,0,0,0,22107.0,1,39.78611782,-121.87122709,4
2011,2011-10-29,2038,10,3,20,6,N,A,N,A,H,D,A,01,W,08,F,,,,,A,Y,N,D,1,0,0,0,22107.0,1,39.71489519,-121.79668975,3
2011,2011-10-28,1740,10,3,17,5,N,A,N,A,E,B,A,07,N,01,F,,,,,A,Y,N,D,1,0,0,0,23152.0,1,39.82833522,-121.63108449,3
2011,2011-10-22,1600,10,3,16,6,Y,A,N,A,H,A,-,- ,,09,D,,,,,C,N,M,D,1,0,0,0,21803.0,2,39.72645,-121.84249,4