ACCIDENT_YEAR,COLLISION_DATE,COLLISION_TIME,MONTH,SEASON,24HOURS,DAY_OF_WEEK,INTERSECTION,WEATHER_1,STATE_HWY_IND,ROAD_SURFACE,ROAD_COND_1,LIGHTING,STWD_VEHTYPE_AT_FAULT,CHP_VEHTYPE_AT_FAULT,DIRECTION,PCF_VIOL_CATEGORY,TYPE_OF_COLLISION,PEDESTRIAN_ACCIDENT,BICYCLE_ACCIDENT,MOTORCYCLE_ACCIDENT,TRUCK_ACCIDENT,MVIW,TOW_AWAY,HIT_AND_RUN,CONTROL_DEVICE,NUMBER_INJURED,COUNT_PED_INJURED,COUNT_BICYCLIST_INJURED,COUNT_MC_INJURED,PCF_VIOLATION,PARTY_COUNT,POINT_Y,POINT_X,COLLISION_SEVERITY
2012,2012-01-28,323,1,4,3,6,N,A,Y,A,H,D,N,60,W,11,G,Y,,,,B,Y,N,D,1,1,0,0,21956.0,2,39.73766694,-121.81335619,3
2012,2012-02-07,828,2,4,8,2,N,C,N,B,H,A,A,01,S,03,D,,,,Y,C,Y,N,D,1,0,0,0,22350.0,2,39.76564489,-121.87027037,3
2012,2012-01-30,852,1,4,8,1,N,A,Y,A,H,A,A,01,N,03,C,,,,,C,Y,N,D,1,0,0,0,22350.0,4,39.75549519,-121.84775332,4
2012,2012-02-07,1150,2,4,11,2,N,B,Y,B,H,A,D,22,S,03,C,,,,Y,C,Y,N,A,1,0,0,0,22350.0,2,39.41404126,-121.68811865,4
2012,2012-02-11,1947,2,4,19,6,N,A,Y,A,H,D,D,22,N,01,C,,,,,C,Y,N,D,3,0,0,0,23152.0,2,,,4
2012,2012-01-27,1433,1,4,14,5,Y,A,N,A,H,A,D,22,,09,D,,,,,C,Y,N,D,3,0,0,0,21802.0,2,39.65578513,-121.56506328,4
2012,2012-01-30,707,1,4,7,1,N,A,N,A,H,A,A,01,S,09,D,,,,,C,Y,N,A,2,0,0,0,21801.0,2,39.74537632,-121.8408727,4
2012,2012-01-28,1255,1,4,12,6,Y,A,Y,A,H,A,L,04,,05,D,,Y,,,G,N,N,A,1,0,1,0,21650.0,2,39.72801832,-121.83113935,4
2012,2012-01-30,1225,1,4,12,1,Y,A,N,A,H,A,L,04,,05,D,,Y,,,G,N,N,A,1,0,1,0,21650.0,2,39.75113503,-121.87085328,4
2012,2012-01-20,1240,1,4,12,5,N,C,Y,B,H,A,A,07,N,03,C,,,,,C,N,N,D,2,0,0,0,22350.0,2,39.39541931,-121.60479754,4
2012,2012-01-14,2230,1,4,22,6,N,A,Y,A,H,C,A,01,S,08,E,,,,,I,Y,N,D,1,0,0,0,22107.0,1,39.43466797,-121.60498437,3
2012,2012-01-21,52,1,4,0,6,Y,B,N,B,H,C,A,01,,01,A,,,,,I,Y,N,A,1,0,0,0,23152.0,1,39.74004503,-121.86330324,3
2011,2011-12-02,1508,12,4,15,5,Y,A,N,A,H,A,L,04,,22,D,,Y,,,G,N,N,D,1,0,1,0,,2,39.73674,-121.845,3
2012,2012-01-07,1532,1,4,15,6,Y,A,N,A,H,A,D,22,,03,C,,,,,C,Y,N,D,1,0,0,0,22350.0,2,39.75706513,-121.62555327,4
2012,2012-01-07,1517,1,4,15,6,N,A,N,A,H,A,D,22,W,03,E,,,,,I,Y,N,D,2,0,0,0,22350.0,1,39.76310517,-121.62559663,2
2011,2011-12-30,1425,12,4,14,5,N,B,N,B,H,A,A,01,,03,E,,,,,I,Y,N,D,1,0,0,0,22350.0,1,,,4
2011,2011-12-22,1747,12,4,17,4,N,A,N,A,H,C,A,01,S,03,C,,,,,C,Y,N,D,1,0,0,0,22350.0,3,39.75055328,-121.63179469,4
2011,2011-12-31,2300,12,4,23,6,N,A,N,A,H,D,D,22,N,08,F,,,,,A,Y,N,D,1,0,0,0,22107.0,1,39.89021729,-121.58889558,3
2011,2011-12-30,1210,12,4,12,5,N,C,N,B,H,A,D,22,N,03,E,,,,,I,Y,N,D,2,0,0,0,22350.0,1,39.68140078,-121.57003999,3
2012,2012-01-06,1215,1,4,12,5,N,A,N,A,H,A,D,22,W,08,E,,,,,I,Y,N,D,1,0,0,0,22107.0,1,39.44550532,-121.4348236,4
2012,2012-01-20,1040,1,4,10,5,N,B,N,B,H,A,D,22,S,03,C,,,,,C,Y,N,D,2,0,0,0,22350.0,2,39.49628772,-121.55082164,4
2011,2011-12-23,1610,12,4,16,5,N,A,N,A,H,B,A,07,S,08,E,,,,,I,Y,N,D,1,0,0,0,22107.0,1,39.89574818,-121.55944429,2
2011,2011-12-28,1735,12,4,17,3,N,A,Y,A,H,C,A,01,S,01,E,,,,,I,Y,N,D,1,0,0,0,23152.0,1,39.75240519,-121.84168332,4
2012,2012-01-14,1750,1,4,17,6,N,A,Y,A,H,D,D,22,E,08,G,Y,,,,B,N,N,D,1,1,0,0,22107.0,2,39.75294552,-121.9161299,4
2011,2011-12-20,1915,12,4,19,2,Y,A,N,A,H,C,-,- ,,09,D,,,,,C,Y,N,A,1,0,0,0,21801.0,2,39.7454,-121.84088,3
2012,2012-01-11,1538,1,4,15,3,N,A,Y,A,H,A,D,22,N,03,C,,,,,C,Y,N,D,4,0,0,0,22350.0,2,39.38370074,-121.68799325,4
2012,2012-01-09,1829,1,4,18,1,N,A,Y,A,H,C,I,12,,03,C,,,,,C,N,N,A,2,0,0,0,22350.0,2,39.3667972,-121.68793674,4
2011,2011-12-19,25,12,4,0,1,N,A,Y,A,H,D,-,- ,S,18,F,,,,,A,Y,N,D,2,0,0,0,,1,39.38676077,-121.68801482,3
2011,2011-12-22,1942,12,4,19,4,N,A,N,A,H,D,D,23,N,03,E,,,,,I,Y,N,D,2,0,0,0,22350.0,1,39.82495681,-121.59157028,4
2011,2011-12-27,1353,12,4,13,2,N,A,Y,A,H,A,A,01,S,03,D,,,,,C,N,N,D,1,0,0,0,22350.0,2,39.71495519,-121.80062331,4
2011,2011-12-09,2320,12,4,23,5,N,A,Y,A,H,D,A,01,S,08,C,,,,,E,Y,N,D,1,0,0,0,22107.0,2,39.66479575,-121.74283856,4
2011,2011-12-30,955,12,4,9,5,N,B,N,B,H,A,A,07,N,08,F,,,,,A,Y,N,D,1,0,0,0,22107.0,1,39.73370137,-121.95124975,2
2012,2012-01-09,926,1,4,9,1,Y,A,Y,A,H,A,A,01,,09,D,,,,,C,Y,N,A,3,0,0,0,21802.0,2,39.7406559,-121.88005614,3
2012,2012-01-04,1355,1,4,13,3,Y,A,N,A,H,A,D,22,,12,D,,,,,C,Y,N,A,2,0,0,0,21453.0,2,39.72758506,-121.83725336,3
2011,2011-12-30,1035,12,4,10,5,Y,B,N,A,H,A,A,01,,08,E,,,,,I,N,N,D,1,0,0,0,22107.0,1,39.42555,-121.53732,4
2011,2011-12-31,1250,12,4,12,6,N,A,N,A,H,A,A,01,S,03,C,,,,,C,Y,N,A,2,0,0,0,22350.0,3,39.4766579,-121.53061324,4
2011,2011-12-27,1635,12,4,16,2,N,B,N,A,H,A,A,01,E,08,F,,,,,A,Y,N,D,1,0,0,0,22107.0,1,39.32107974,-121.57008979,4
2011,2011-11-28,628,11,3,6,1,N,A,N,A,H,C,N,60,E,11,G,Y,,,,B,Y,N,D,0,0,0,0,21954.0,2,39.52408218,-121.56488241,1
2012,2012-01-26,1405,1,4,14,4,N,B,N,B,H,A,-,- ,N,18,D,,,,,C,N,N,A,1,0,0,0,,2,39.76764673,-121.61335937,4
2012,2012-02-04,1443,2,4,14,6,Y,A,Y,A,H,A,D,22,,08,D,,,Y,,C,N,N,D,2,0,0,2,22107.0,2,39.72477575,-121.85044388,4
2012,2012-01-30,755,1,4,7,1,N,A,Y,A,D,A,A,01,N,03,C,,,,,C,Y,N,A,1,0,0,0,22350.0,5,39.73912163,-121.82342219,4
2012,2012-01-29,1725,1,4,17,7,Y,A,Y,A,H,B,A,01,,08,D,,,,,C,N,N,A,1,0,0,0,22100.0,2,39.68987049,-121.77336716,4
2012,2012-01-18,1005,1,4,10,3,N,B,Y,A,H,B,D,22,N,08,F,,,,,A,Y,N,D,3,0,0,0,22107.0,1,39.54629869,-121.68872327,3
2012,2012-01-27,1355,1,4,13,5,N,A,Y,A,H,A,D,22,N,01,C,,,,,C,N,M,D,1,0,0,0,23152.0,2,39.79038603,-121.8915243,4
2011,2011-12-29,1711,12,4,17,4,-,A,N,A,H,C,A,01,,03,C,,,,,C,N,N,A,2,0,0,0,22350.0,2,39.50421455,-121.54162467,4
2011,2011-12-02,1302,12,4,13,5,Y,A,N,A,H,A,L,04,,05,H,,Y,,,G,N,N,D,1,0,1,0,21202.0,2,39.51041,-121.55737,3
2012,2012-01-14,1027,1,4,10,6,N,A,N,A,H,A,L,04,E,08,F,,Y,,,A,N,N,D,2,0,2,0,22107.0,2,39.55261419,-121.64567242,4
2012,2012-01-17,400,1,4,4,2,Y,A,N,A,H,D,A,01,,08,E,,,,,I,Y,N,D,1,0,0,0,22107.0,1,39.41500506,-121.51247318,3
2012,2012-01-09,1725,1,4,17,1,Y,A,Y,A,H,C,C,02,,09,D,,,Y,,C,Y,N,D,1,0,0,1,21801.0,2,39.51017362,-121.48895182,4
2012,2012-01-16,1145,1,4,11,1,N,B,N,A,H,A,A,01,W,09,F,,,Y,,A,N,N,D,1,0,0,1,21802.0,2,39.47672515,-121.54046959,4
2011,2011-11-05,148,11,3,1,6,Y,A,N,A,H,C,A,01,,01,C,,,,,C,Y,N,D,1,0,0,0,23152.0,2,39.51787,-121.53444,4
2011,2011-11-22,1730,11,3,17,2,Y,A,N,A,H,C,-,- ,,03,C,,,,,C,Y,N,D,2,0,0,0,22350.0,2,39.51228,-121.54718,4
2011,2011-11-29,1135,11,3,11,2,Y,A,N,A,H,A,-,- ,,12,D,,,,,C,N,N,A,1,0,0,0,21453.0,2,39.50841,-121.54714,4
2011,2011-12-31,0,12,4,0,6,N,A,N,A,H,A,A,01,S,03,C,,,,,C,N,N,A,1,0,0,0,22350.0,2,39.74626,-121.63774,4
2012,2012-02-04,2341,2,4,23,6,Y,A,N,A,H,C,F,26,,01,D,,,,Y,C,Y,F,A,3,0,0,0,23152.0,2,39.7339551,-121.83570332,3
2012,2012-01-05,1845,1,4,18,4,N,A,N,A,H,D,-,- ,E,18,E,,,,,I,Y,N,D,1,0,0,0,,1,39.42529113,-121.3547247,4
2012,2012-01-06,1605,1,4,16,5,Y,B,N,A,H,A,A,07,,03,C,,,,,C,Y,N,A,1,0,0,0,22350.0,4,39.75791517,-121.60698324,4
2012,2012-03-03,1201,3,1,12,6,N,A,N,A,H,A,L,04,S,05,D,,Y,,,G,N,N,D,1,0,1,0,21650.0,2,39.74714792,-121.84215774,4
2012,2012-03-01,835,3,1,8,4,N,B,N,B,H,A,A,01,S,03,C,,,,Y,C,Y,N,D,2,0,0,0,22350.0,2,39.75154944,-121.84895709,4
2012,2012-02-20,545,2,4,5,1,N,B,N,A,H,D,D,22,W,08,B,,Y,,,G,N,N,D,1,0,1,0,22107.0,2,39.7312739,-121.67978401,4
2012,2012-01-27,1400,1,4,14,5,N,A,N,A,H,A,D,22,E,05,B,,,,,C,Y,F,D,1,0,0,0,21460.0,2,39.42850638,-121.35358772,4
2012,2012-02-09,1800,2,4,18,4,Y,A,Y,A,H,D,A,01,,09,H,,Y,,,G,N,N,D,1,0,1,0,21804.0,2,39.36239587,-121.68791554,3
2012,2012-02-08,1535,2,4,15,3,N,A,Y,A,D,A,A,01,N,03,C,,,,,C,Y,N,A,2,0,0,0,22350.0,2,39.8770086,-121.9699076,4
2012,2012-02-13,1631,2,4,16,1,N,B,N,A,H,A,-,- ,E,03,C,,,,,C,Y,N,A,1,0,0,0,22350.0,2,,,4
2012,2012-01-09,2004,1,4,20,1,N,A,Y,A,H,D,-,- ,N,18,E,,,,,I,Y,N,D,2,0,0,0,,1,39.7649027,-121.86172467,4
2012,2012-01-16,1710,1,4,17,1,N,A,Y,A,H,D,A,08,S,08,E,,,,,I,Y,N,D,1,0,0,0,22107.0,1,39.59843412,-121.65578374,4
2012,2012-01-27,540,1,4,5,5,Y,A,Y,A,H,C,A,01,,08,A,,,,,C,Y,N,A,1,0,0,0,22107.0,2,39.50362947,-121.45957483,4
2012,2012-01-28,1203,1,4,12,6,Y,A,Y,A,H,A,A,07,,09,D,,,,,C,Y,N,A,2,0,0,0,21802.0,2,39.45030757,-121.68834093,4
2012,2012-01-11,1618,1,4,16,3,Y,A,N,A,H,A,-,- ,,09,D,,,,,C,Y,N,D,1,0,0,0,21802.0,2,39.73985513,-121.84093334,4
2012,2012-01-11,1830,1,4,18,3,N,A,N,A,H,C,-,- ,S,01,E,,,,,I,Y,N,D,1,0,0,0,23152.0,1,39.7222965,-121.796789,4
2012,2012-01-24,2045,1,4,20,2,N,A,Y,A,H,C,N,60,E,11,B,Y,,,,B,N,N,D,1,1,0,0,21954.0,2,39.50022008,-121.56382633,4
2012,2012-01-19,1539,1,4,15,4,N,C,Y,B,H,A,A,01,,03,C,,,,,C,Y,N,D,2,0,0,0,22350.0,2,39.50440268,-121.55067894,2
2012,2012-01-05,945,1,4,9,4,N,A,N,A,H,A,C,02,N,03,E,,,Y,,I,N,N,D,1,0,0,1,22350.0,2,39.49746708,-121.54711434,2
2012,2012-01-26,1440,1,4,14,4,N,B,N,B,H,A,A,08,E,03,C,,,,,C,N,N,A,1,0,0,0,22350.0,2,39.77770847,-121.59019074,4
2012,2012-01-23,116,1,4,1,1,N,C,N,B,H,D,A,01,S,05,E,,,,,I,N,N,D,1,0,0,0,21650.0,1,,,3
2012,2012-01-23,1424,1,4,14,1,-,B,N,A,H,A,A,01,,09,D,,,,,C,Y,N,D,2,0,0,0,21804.0,2,39.76376869,-121.62009001,3
2012,2012-01-18,1614,1,4,16,3,N,A,N,A,H,A,A,01,N,03,C,,,,,C,Y,N,D,1,0,0,0,22350.0,3,39.75024193,-121.63209845,4
2012,2012-01-26,1759,1,4,17,4,-,A,N,A,H,D,A,01,,03,C,,,,,D,Y,N,D,1,0,0,0,22350.0,2,39.75348376,-121.60776258,4
2011,2011-01-25,1740,1,4,17,2,N,A,N,A,H,D,N,60,S,11,G,Y,,,,B,N,M,D,1,1,0,0,21954.0,2,39.76899544,-121.58896548,4
2012,2012-01-12,2051,1,4,20,4,N,A,N,A,H,D,A,07,W,01,E,,,,,I,Y,N,D,2,0,0,0,23152.0,1,39.73554536,-121.91922069,2
2012,2012-01-29,230,1,4,2,7,N,A,N,A,H,D,A,01,E,01,E,,,,,I,Y,N,D,1,0,0,0,23152.0,1,39.73162743,-121.68288888,4
2012,2012-01-27,1355,1,4,13,5,N,A,Y,A,H,A,A,01,N,08,E,,,,,I,Y,N,D,1,0,0,0,22107.0,1,39.69536051,-121.61312744,3
2012,2012-02-03,1527,2,4,15,5,N,A,N,A,H,A,-,- ,W,03,C,,,,,C,N,N,A,1,0,0,0,22350.0,2,39.7559066,-121.86279192,4
2012,2012-02-03,1244,2,4,12,5,N,A,N,A,H,A,A,01,N,03,C,,,,,C,N,N,D,1,0,0,0,22350.0,2,39.71097546,-121.81126768,4
2012,2012-02-05,1942,2,4,19,7,Y,A,Y,A,H,C,-,- ,,09,D,,,,,C,Y,N,D,1,0,0,0,21802.0,2,39.72245247,-121.8412474,4
2012,2012-02-06,1939,2,4,19,1,N,A,N,A,H,C,-,- ,E,05,A,,,,,J,Y,N,D,1,0,0,0,21650.0,1,39.75284863,-121.86781883,4
2012,2012-02-06,1100,2,4,11,1,N,A,N,A,H,A,-,- ,N,17,H,,Y,,,G,N,N,D,1,0,1,0,22517.0,2,,,3
2012,2012-02-20,1820,2,4,18,1,N,A,N,A,H,C,-,- ,E,- ,C,,,,,C,Y,N,A,3,0,0,0,,3,39.7574112,-121.86022961,3
2012,2012-01-05,1535,1,4,15,4,N,A,Y,A,H,A,A,01,S,07,B,,,Y,,C,Y,N,D,1,0,0,1,21658.0,2,39.74226519,-121.82766256,4
2012,2012-01-14,103,1,4,1,6,Y,A,N,A,H,D,A,01,,03,E,,,,,I,Y,N,A,1,0,0,0,22350.0,1,39.62716,-121.94599986,2
2012,2012-01-17,820,1,4,8,2,N,A,N,A,H,A,A,01,E,07,E,,,,,I,Y,N,D,1,0,0,0,21658.0,2,39.72839606,-121.68633258,4
2012,2012-01-17,1905,1,4,19,2,N,B,N,A,H,D,A,01,E,08,E,,,,,I,Y,N,D,2,0,0,0,22107.0,1,39.72967844,-121.6854566,3
2012,2012-02-07,1157,2,4,11,2,N,B,N,B,H,A,A,01,S,03,C,,,,,C,Y,N,D,1,0,0,0,22350.0,4,39.75160505,-121.6307532,4
2012,2012-01-24,1752,1,4,17,2,N,A,N,A,H,C,A,01,E,09,D,,,,,C,Y,N,D,2,0,0,0,21804.0,2,39.77043473,-121.59761659,4
2012,2012-02-20,1330,2,4,13,1,Y,A,N,A,H,A,L,04,N,- ,D,,Y,,,G,N,N,A,1,0,1,0,,2,39.73329294,-121.84295991,4
2012,2012-02-05,1400,2,4,14,7,N,A,N,A,H,A,A,01,N,08,E,,,,,I,Y,N,D,1,0,0,0,22107.0,1,39.88602845,-121.59120844,3
2012,2012-01-29,355,1,4,3,7,N,A,N,A,H,D,A,07,S,01,E,,,,,I,Y,N,D,1,0,0,0,23152.0,1,39.65260121,-121.81070407,2
2012,2012-02-09,1240,2,4,12,4,N,A,N,A,H,A,A,01,W,01,E,,,,,I,Y,N,D,1,0,0,0,23152.0,1,39.73148532,-121.68342298,4
2012,2012-02-10,1545,2,4,15,5,N,B,N,B,H,A,A,01,S,03,E,,,,,I,Y,N,D,1,0,0,0,22350.0,1,39.67715879,-121.56719733,3
2012,2012-02-13,1700,2,4,17,1,Y,A,N,A,H,A,C,03,,01,E,,,Y,,I,N,N,D,1,0,0,1,23152.0,1,39.45822514,-121.52235325,4
2012,2012-02-06,1558,2,4,15,1,Y,A,N,A,H,A,A,07,,03,C,,,,,C,N,N,D,1,0,0,0,22350.0,2,39.4640333,-121.57694399,4
2012,2012-02-01,710,2,4,7,3,N,A,N,A,H,A,A,01,N,08,E,,,,,I,Y,N,D,1,0,0,0,22107.0,1,39.84907438,-121.99431341,4
2012,2012-02-02,1755,2,4,17,4,N,A,N,A,H,D,A,01,W,03,E,,,,,I,Y,N,D,1,0,0,0,22350.0,1,39.79678074,-121.94936275,4
2012,2012-01-28,1030,1,4,10,6,Y,A,N,A,H,A,A,01,,09,H,,Y,,,G,N,M,A,1,0,1,0,21802.0,2,39.49631504,-121.5508232,4
2012,2012-02-17,1340,2,4,13,5,N,A,Y,A,H,A,D,22,W,03,C,,,,,C,Y,N,D,2,0,0,0,22350.0,3,39.5043523,-121.52255193,4
2012,2012-02-26,210,2,4,2,7,N,A,N,A,H,D,C,02,E,01,E,,,Y,,J,Y,N,D,1,0,0,1,23152.0,1,39.4623385,-121.4859538,2
2012,2012-02-21,1330,2,4,13,2,Y,A,N,A,H,A,A,07,,09,A,,,,,C,Y,N,D,3,0,0,0,21801.0,2,39.51660512,-121.58061326,3
2012,2012-02-26,1500,2,4,15,7,N,B,N,A,H,A,A,08,N,05,C,,,,,E,Y,N,D,3,0,0,0,21650.0,2,39.48333882,-121.55107332,3
2012,2012-03-02,1550,3,1,15,5,Y,A,N,A,H,A,D,22,,09,D,,,,,C,Y,N,A,3,0,0,0,21802.0,2,39.46768505,-121.45907318,3
2012,2012-02-24,2350,2,4,23,5,N,A,N,A,H,D,D,22,N,03,E,,,,,I,Y,F,D,2,0,0,0,22350.0,1,39.4280749,-121.51085111,2
2012,2012-02-03,1203,2,4,12,5,Y,A,N,A,H,A,A,01,,09,D,,,,,C,Y,N,A,3,0,0,0,21802.0,2,39.75208516,-121.62187325,4
2012,2012-02-07,805,2,4,8,2,N,C,N,B,G,A,A,01,S,03,C,,,,,C,N,N,D,1,0,0,0,22350.0,2,39.76175781,-121.62260004,4
2012,2012-02-14,1334,2,4,13,2,Y,A,N,B,H,A,A,01,,09,D,,,,,C,Y,N,A,2,0,0,0,21802.0,2,39.41459513,-121.70893331,4
2012,2012-02-08,751,2,4,7,3,Y,A,N,A,H,A,A,01,,03,C,,,,,C,Y,N,D,2,0,0,0,22350.0,2,39.75490513,-121.62757331,4
2012,2012-02-06,1705,2,4,17,1,N,B,N,A,H,A,-,- ,N,18,H,,Y,,,-,N,N,D,1,0,1,0,,1,39.75292347,-121.62568242,3
2012,2012-02-12,1420,2,4,14,7,Y,B,Y,A,H,A,A,01,,12,-,,,,,C,Y,N,A,2,0,0,0,21453.0,2,39.72933341,-121.83105062,4
2012,2012-02-18,2202,2,4,22,6,Y,A,N,A,H,C,-,- ,,00,D,,,,,C,Y,N,A,3,0,0,0,,3,39.75674505,-121.86138328,3
2012,2012-02-17,1523,2,4,15,5,N,A,N,A,H,A,A,01,W,09,D,,,,,C,Y,N,D,1,0,0,0,21801.0,2,39.71395508,-121.78813331,4
2012,2012-03-07,830,3,1,8,3,Y,A,N,A,H,A,-,- ,,09,D,,,,,C,Y,N,D,1,0,0,0,21801.0,2,39.74190504,-121.83627325,4
2012,2012-03-05,1055,3,1,10,1,N,A,Y,A,H,A,-,- ,S,03,C,,,,,C,N,N,D,1,0,0,0,22350.0,2,39.74946917,-121.83693617,4
2012,2012-03-01,1535,3,1,15,4,N,B,N,B,H,A,D,22,S,03,E,,,,,I,N,N,D,1,0,0,0,22350.0,1,39.67593622,-121.56798217,4
2012,2012-02-14,2100,2,4,21,2,N,B,N,A,H,D,A,01,S,01,C,,,,,C,Y,N,D,2,0,0,0,23152.0,2,39.83267187,-121.59655049,4
2012,2012-03-04,1525,3,1,15,7,N,A,N,A,H,A,-,- ,W,00,B,,,,,C,N,N,D,1,0,0,0,,2,39.63126269,-121.9301641,3
2012,2012-02-28,1816,2,4,18,2,N,B,N,A,H,D,-,- ,W,03,C,,,,,C,N,N,D,1,0,0,0,22350.0,2,39.73169407,-121.85676255,4
2012,2012-03-12,1640,3,1,16,1,N,B,N,A,H,A,F,55,E,08,E,,,,Y,I,Y,N,D,1,0,0,0,22107.0,1,39.70282924,-121.75843461,3
2012,2012-03-03,1910,3,1,19,6,Y,A,Y,A,H,C,A,01,,09,D,,,,,C,Y,N,A,1,0,0,0,21453.0,2,39.74204971,-121.88324563,4
2012,2012-03-02,627,3,1,6,5,Y,A,N,A,H,A,A,01,,12,D,,,,Y,C,Y,N,A,1,0,0,0,21453.0,2,39.71425506,-121.81259336,4
2012,2012-02-24,1106,2,4,11,5,N,A,N,A,H,A,D,22,S,09,D,,,,,C,N,N,D,1,0,0,0,21801.0,2,39.75081689,-121.63153162,4
2012,2012-03-01,1252,3,1,12,4,N,B,N,B,H,A,A,01,,09,D,,,,,C,Y,N,D,1,0,0,0,21801.0,2,39.77037516,-121.61232322,3
2012,2012-02-23,1138,2,4,11,4,N,A,N,A,H,A,G,26,S,09,C,,,,Y,C,N,N,D,1,0,0,0,21804.0,3,39.79514393,-121.58471704,4
2012,2012-02-18,1852,2,4,18,6,N,A,Y,A,H,C,A,01,N,10,G,Y,,,,B,N,N,A,1,1,0,0,21950.0,2,39.7244112,-121.85005545,2
2012,2012-03-05,740,3,1,7,1,Y,A,N,-,A,A,A,01,,03,C,,,,,C,Y,N,D,2,0,0,0,22350.0,2,39.77040509,-121.60078329,3
2012,2012-02-19,1335,2,4,13,7,N,A,N,A,H,A,-,- ,S,08,D,,,Y,,C,N,N,D,1,0,0,1,22103.0,2,39.76968163,-121.84731603,2
2012,2012-02-21,1305,2,4,13,2,Y,B,N,A,H,A,-,- ,,09,D,,,,,C,N,N,A,2,0,0,0,21802.0,2,39.72312512,-121.84205325,3
2012,2012-02-26,140,2,4,1,7,N,A,Y,A,H,D,A,01,W,08,F,,,,,A,Y,N,D,1,0,0,0,22107.0,1,39.75333542,-121.93291835,4
2012,2012-03-08,742,3,1,7,4,N,A,Y,A,H,A,A,01,E,09,D,,,,,C,N,N,D,1,0,0,0,21804.0,2,39.73615354,-121.86950455,4
2012,2012-03-14,1134,3,1,11,3,N,C,N,B,H,A,A,01,E,03,C,,,,,C,Y,N,D,2,0,0,0,22350.0,3,39.75125846,-121.85431063,3
2012,2012-03-06,703,3,1,7,2,N,A,N,A,H,A,L,04,E,05,D,,Y,,,G,N,N,A,1,0,1,0,21650.0,2,39.76092369,-121.84916652,3
2012,2012-03-07,1529,3,1,15,3,Y,A,N,A,H,A,A,08,,09,D,,,,,D,Y,N,A,2,0,0,0,21804.0,2,39.79597509,-121.58503321,4
2012,2012-02-13,1502,2,4,15,1,-,A,N,A,H,A,A,01,,03,C,,,,,C,N,N,A,2,0,0,0,22350.0,2,39.74615515,-121.63827332,4
2012,2012-02-24,1822,2,4,18,5,N,A,N,A,H,C,A,01,N,03,C,,,,,C,N,N,D,3,0,0,0,22350.0,2,39.74838726,-121.63442337,3
2012,2012-03-16,1241,3,1,12,5,N,B,N,B,H,A,-,- ,E,09,A,,,,,C,N,N,D,1,0,0,0,21801.0,2,39.75715127,-121.86066629,3
2012,2012-03-03,905,3,1,9,6,N,A,N,A,H,A,A,01,W,08,E,,,,,I,Y,N,D,1,0,0,0,22107.0,1,39.92490081,-121.73238447,4
2012,2012-02-23,1545,2,4,15,4,N,A,N,A,H,A,C,02,E,03,E,,,Y,,I,Y,N,D,1,0,0,1,22350.0,1,39.71364503,-121.73169672,3
2012,2012-02-28,2220,2,4,22,2,N,D,Y,C,H,D,A,07,E,03,E,,,,,I,Y,N,D,2,0,0,0,22350.0,1,39.90354833,-121.65830414,3
2012,2012-02-25,150,2,4,1,6,N,A,N,A,H,D,D,22,S,01,E,,,,,I,Y,M,D,1,0,0,0,23152.0,1,39.43421725,-121.54318329,3
2012,2012-03-15,1830,3,1,18,4,N,C,N,B,H,D,D,22,W,08,F,,,,,I,N,N,A,1,0,0,0,22107.0,1,39.50664341,-121.35986417,4
2012,2012-03-05,1600,3,1,16,1,N,B,N,A,H,A,A,01,N,03,C,,,,,C,N,N,A,2,0,0,0,22350.0,2,39.81841635,-121.5923947,4
2012,2012-03-14,1639,3,1,16,3,N,C,N,B,H,A,A,01,W,03,E,,,,,I,N,N,D,1,0,0,0,22350.0,1,39.92420275,-121.73312359,3
2012,2012-03-11,1535,3,1,15,7,N,B,N,A,H,A,A,07,W,03,F,,,,,A,Y,N,D,1,0,0,0,22350.0,1,39.72682871,-121.86473811,4
2012,2012-03-10,1430,3,1,14,6,N,A,N,A,H,A,A,01,N,05,E,,,,,I,Y,N,D,1,0,0,0,21650.0,1,39.41034893,-121.42078037,3
2012,2012-03-17,750,3,1,7,6,N,B,N,B,H,A,A,01,S,03,E,,,,,I,Y,N,D,1,0,0,0,22350.0,1,39.58227691,-121.61926938,4
2012,2012-03-21,1410,3,1,14,3,N,A,N,A,H,A,C,02,S,03,E,,,Y,,E,Y,N,D,1,0,0,1,22350.0,2,39.50342056,-121.60482602,3
2012,2012-03-14,1145,3,1,11,3,N,B,Y,B,H,A,A,07,E,03,C,,,,,C,N,N,D,2,0,0,0,22350.0,2,39.50417511,-121.51186286,4
2012,2012-03-13,1929,3,1,19,2,N,C,N,B,H,C,A,08,,10,G,Y,,,,B,Y,N,D,0,0,0,0,21950.0,2,39.50386507,-121.55227321,1
2012,2012-05-27,247,5,1,2,7,N,A,N,A,H,D,A,01,S,01,F,,,,,I,Y,N,D,1,0,0,0,23153.0,1,39.79930082,-121.58381929,1
2012,2012-04-27,1932,4,1,19,5,N,A,N,A,H,A,A,01,W,08,F,,,,,A,Y,N,D,0,0,0,0,22107.0,1,39.75434576,-121.6281922,1
2012,2012-04-29,149,4,1,1,7,N,A,Y,A,H,C,A,01,S,01,F,,,,,A,Y,N,D,0,0,0,0,23152.0,1,39.77149519,-121.86954333,1
2012,2012-06-04,1305,6,2,13,1,N,B,N,D,H,A,A,01,W,01,G,,,,Y,C,Y,N,D,2,0,0,0,23152.0,2,39.5057491,-121.36067863,1
2012,2012-06-28,827,6,2,8,4,Y,A,Y,A,H,A,D,22,,12,H,,Y,,,G,N,N,A,0,0,0,0,21453.0,2,39.50382403,-121.55239521,1