ACCIDENT_YEAR,COLLISION_DATE,COLLISION_TIME,MONTH,SEASON,24HOURS,DAY_OF_WEEK,INTERSECTION,WEATHER_1,STATE_HWY_IND,ROAD_SURFACE,ROAD_COND_1,LIGHTING,STWD_VEHTYPE_AT_FAULT,CHP_VEHTYPE_AT_FAULT,DIRECTION,PCF_VIOL_CATEGORY,TYPE_OF_COLLISION,PEDESTRIAN_ACCIDENT,BICYCLE_ACCIDENT,MOTORCYCLE_ACCIDENT,TRUCK_ACCIDENT,MVIW,TOW_AWAY,HIT_AND_RUN,CONTROL_DEVICE,NUMBER_INJURED,COUNT_PED_INJURED,COUNT_BICYCLIST_INJURED,COUNT_MC_INJURED,PCF_VIOLATION,PARTY_COUNT,POINT_Y,POINT_X,COLLISION_SEVERITY
2012,2012-09-13,1744,9,3,17,4,Y,A,N,A,H,A,A,01,,12,D,,,,,C,Y,N,A,3,0,0,0,22450.0,2,39.51540503,-121.60040321,3
2012,2012-08-17,1524,8,2,15,5,N,A,N,A,H,A,A,07,S,03,C,,,,,C,N,N,D,1,0,0,0,22350.0,2,,,4
2012,2012-10-20,1715,10,3,17,6,N,A,N,A,H,A,D,22,S,03,C,,,,,C,N,N,D,1,0,0,0,22350.0,2,39.43593974,-121.55143329,4
2012,2012-10-10,1255,10,3,12,3,N,A,Y,A,D,A,D,22,E,03,C,,,,Y,C,Y,N,A,3,0,0,0,22350.0,3,39.55650435,-121.60101595,4
2012,2012-09-22,1359,9,3,13,6,N,A,N,A,H,A,A,01,S,06,B,,Y,,,G,N,N,A,1,0,1,0,21750.0,2,39.76082396,-121.84355308,3
2012,2012-09-02,1127,9,3,11,7,N,A,N,A,H,A,-,- ,W,03,C,,,,,C,Y,N,D,1,0,0,0,22350.0,2,39.71399524,-121.78823859,4
2012,2012-09-28,1550,9,3,15,5,N,A,N,A,H,A,A,01,E,05,A,,,,,C,Y,F,D,1,0,0,0,21650.0,2,39.55304456,-121.53946012,3
2012,2012-09-30,431,9,3,4,7,N,A,N,A,H,D,A,07,E,01,F,,,,,A,Y,N,D,1,0,0,0,23152.0,1,39.65293514,-121.86303133,3
2012,2012-09-27,2120,9,3,21,4,N,A,N,A,H,D,A,01,N,01,A,,,,,I,Y,N,D,1,0,0,0,23152.0,1,39.4709065,-121.45912254,4
2012,2012-10-04,1137,10,3,11,4,N,A,Y,A,H,A,D,22,E,03,C,,,,,C,N,F,D,1,0,0,0,22350.0,2,39.7518227,-121.90956709,4
2012,2012-10-18,1542,10,3,15,4,Y,A,N,A,H,A,-,99,,09,H,,,,,A,N,M,A,1,0,0,0,21801.0,2,39.71807505,-121.79533324,4
2012,2012-09-20,1348,9,3,13,4,Y,A,N,A,H,A,D,22,,09,D,,,,,C,N,N,A,2,0,0,0,21801.0,2,39.50682507,-121.55129322,4
2012,2012-10-12,1042,10,3,10,5,N,A,Y,A,H,A,D,22,S,09,B,,,Y,,C,N,N,D,1,0,0,1,21804.0,2,39.49825543,-121.56965908,3
2012,2012-10-17,1846,10,3,18,3,N,A,N,A,H,C,A,01,E,17,H,,Y,,,G,N,N,A,1,0,1,0,22517.0,2,39.7309166,-121.84940984,4
2012,2012-10-25,1410,10,3,14,4,N,A,N,A,H,A,D,22,S,03,C,,,,,C,N,N,D,1,0,0,0,22350.0,2,39.50796292,-121.59602497,4
2012,2012-10-28,1300,10,3,13,7,N,A,Y,A,H,A,A,01,N,03,C,,,,,C,Y,N,D,2,0,0,0,22350.0,2,39.32744599,-121.59697001,3
2012,2012-08-28,806,8,2,8,2,Y,A,N,A,H,A,L,04,,12,D,,Y,,,G,N,N,A,1,0,1,0,21453.0,2,39.72758506,-121.83725336,3
2012,2012-08-28,2106,8,2,21,2,N,A,N,A,H,C,-,- ,N,05,-,,Y,,,G,N,N,A,1,0,1,0,21650.0,2,39.76130725,-121.85388578,3
2012,2012-08-14,1557,8,2,15,2,N,A,N,A,H,A,A,01,E,01,C,,,,,E,N,N,D,2,0,0,0,23152.0,2,39.72521767,-121.84253974,3
2012,2012-08-29,1912,8,2,19,3,Y,A,N,A,H,A,-,- ,,04,C,,,,,C,Y,N,A,1,0,0,0,21703.0,2,39.76758513,-121.84369336,4
2012,2012-08-05,1853,8,2,18,7,N,-,N,-,-,-,A,01,,01,-,,,,,-,N,N,-,1,0,0,0,23152.0,1,39.52294511,-121.50903319,4
2012,2012-10-19,1602,10,3,16,5,N,A,N,A,H,A,A,71,S,03,C,,,,,C,Y,N,A,1,0,0,0,22350.0,2,39.76873362,-121.61279486,4
2012,2012-08-29,1527,8,2,15,3,N,A,N,-,H,-,A,01,,03,C,,,,,-,N,N,-,1,0,0,0,22350.0,2,39.7411851,-121.83787323,4
2012,2012-08-19,615,8,2,6,7,N,A,N,A,H,B,A,01,S,08,E,,,,,I,Y,N,D,3,0,0,0,22107.0,1,39.42577759,-121.65696898,4
2012,2012-08-15,2150,8,2,21,3,N,A,N,A,H,D,A,08,W,01,E,,,,,I,Y,N,A,1,0,0,0,23152.0,1,39.68196288,-121.85186526,3
2012,2012-08-19,200,8,2,2,7,N,A,N,A,H,D,A,01,W,08,E,,,,,I,Y,N,D,1,0,0,0,22107.0,1,39.81812467,-121.59752995,4
2012,2012-08-21,1200,8,2,12,2,N,A,N,A,H,A,A,07,E,01,E,,,,,I,Y,N,D,1,0,0,0,23152.0,1,39.82491525,-121.59151845,3
2012,2012-08-27,1705,8,2,17,1,N,A,Y,A,H,A,A,01,N,04,C,,,,,C,Y,N,D,1,0,0,0,21703.0,3,39.73626346,-121.81909101,4
2012,2012-08-21,840,8,2,8,2,N,A,Y,A,H,A,C,02,N,03,F,,,Y,,A,N,N,D,1,0,0,1,22350.0,1,39.67825693,-121.62710127,3
2012,2012-08-19,340,8,2,3,7,N,A,Y,A,H,C,A,01,N,01,C,,,,,C,Y,N,D,1,0,0,0,23152.0,2,39.73263028,-121.8147551,4
2012,2012-08-20,845,8,2,8,1,N,A,Y,A,H,A,A,07,N,03,C,,,,,C,N,M,A,1,0,0,0,22350.0,2,39.69030159,-121.77385175,3
2012,2012-08-12,2314,8,2,23,7,N,A,N,A,H,C,-,- ,W,01,B,,,,,E,Y,N,D,1,0,0,0,23152.0,3,39.76322285,-121.83532259,4
2012,2012-10-03,2230,10,3,22,3,Y,A,N,A,E,D,D,72,N,05,E,,,,,I,Y,N,D,1,0,0,0,21650.0,1,,,3
2012,2012-08-30,24,8,2,0,4,N,A,N,A,H,C,-,- ,E,01,D,,,,,E,Y,N,D,1,0,0,0,23152.0,2,39.7272152,-121.84135595,4
2012,2012-09-22,1523,9,3,15,6,N,A,N,A,-,A,L,04,W,05,D,,Y,,,G,N,N,D,1,0,1,0,21650.0,2,39.7243806,-121.83245735,4
2012,2012-09-20,1415,9,3,14,4,N,A,N,A,H,A,A,01,N,07,B,,Y,,,G,N,N,A,1,0,1,0,21658.0,2,39.76121112,-121.84355873,4
2012,2012-09-15,1144,9,3,11,6,Y,A,N,A,H,A,-,- ,,09,D,,,,,C,Y,N,A,1,0,0,0,21802.0,2,39.72243512,-121.84127334,4
2012,2012-09-27,1954,9,3,19,4,N,A,N,A,H,B,-,- ,S,03,C,,,,,C,N,N,D,2,0,0,0,22350.0,2,39.74281925,-121.83903162,4
2012,2012-09-27,2052,9,3,20,4,Y,A,N,A,H,C,A,01,,12,D,,,,,C,Y,N,A,3,0,0,0,22450.0,2,39.51383508,-121.58721324,2
2012,2012-10-25,1531,10,3,15,4,Y,A,N,A,H,B,A,01,,17,A,,,,,C,N,N,A,2,0,0,0,21451.0,2,39.71807505,-121.79533324,2
2012,2012-10-24,1645,10,3,16,3,N,B,N,A,H,A,A,01,S,05,E,,,,,I,Y,N,D,1,0,0,0,21650.0,1,39.53482447,-121.34015322,4
2012,2012-09-07,1502,9,3,15,5,Y,A,N,A,H,A,L,04,,05,D,,Y,,,G,N,N,A,1,0,1,0,21650.0,2,39.72366511,-121.83117336,3
2012,2012-09-10,1840,9,3,18,1,Y,A,N,A,H,A,L,04,,05,D,,Y,,,G,N,N,-,1,0,1,0,21650.0,2,39.71845505,-121.82180326,3
2012,2012-09-04,1954,9,3,19,2,N,A,N,A,H,B,L,04,W,09,D,,Y,,,G,Y,N,D,1,0,1,0,21800.0,2,39.76096353,-121.8351536,4
2012,2012-09-09,1710,9,3,17,7,N,A,Y,A,H,A,A,01,N,08,E,,,,,I,Y,N,D,1,0,0,0,22107.0,1,39.76592364,-121.86257208,4
2012,2012-09-09,743,9,3,7,7,N,A,Y,A,H,A,A,01,E,08,F,,,,,A,Y,N,D,1,0,0,0,22107.0,1,39.74820403,-121.83568782,4
2012,2012-09-04,1558,9,3,15,2,N,A,N,A,H,A,A,07,W,08,E,,,,,I,Y,N,D,1,0,0,0,22107.0,1,39.72368685,-121.69357637,2
2012,2012-09-10,1643,9,3,16,1,N,A,N,A,H,A,A,01,E,08,F,,,,,A,Y,N,D,1,0,0,0,22107.0,1,39.66687272,-121.73298549,4
2012,2012-09-01,804,9,3,8,6,N,A,Y,A,H,A,A,01,E,03,C,,,,,C,Y,N,D,1,0,0,0,22350.0,2,39.75810926,-121.73679858,4
2012,2012-09-07,2010,9,3,20,5,Y,A,N,A,H,C,-,- ,,09,D,,,Y,,C,Y,N,A,1,0,0,1,21801.0,2,39.71807505,-121.79533324,3
2012,2012-09-13,2340,9,3,23,4,N,A,N,A,H,C,A,01,W,01,B,,,,,E,Y,N,D,1,0,0,0,23152.0,3,39.72684515,-121.85405237,3
2012,2012-09-02,1930,9,3,19,7,N,A,N,A,H,A,N,60,N,11,G,Y,,,,B,N,N,D,1,1,0,0,21954.0,2,39.74353481,-121.96400871,4
2012,2012-09-28,1920,9,3,19,5,N,A,Y,A,H,D,A,01,S,01,E,,,,,I,Y,N,D,1,0,0,0,23152.0,1,39.71072599,-121.61228476,3
2012,2012-09-26,1033,9,3,10,3,N,A,N,A,H,A,A,01,N,09,D,,,,,C,N,N,D,1,0,0,0,21804.0,2,39.76585245,-121.61655494,4
2012,2012-09-22,1640,9,3,16,6,N,A,Y,A,H,A,D,22,,03,C,,,,,C,N,N,D,2,0,0,0,22350.0,2,,,4
2012,2012-09-17,1735,9,3,17,1,N,A,N,A,H,A,C,02,W,09,A,,,Y,,C,N,N,D,1,0,0,1,21801.0,2,39.84315523,-121.59183047,3
2012,2012-09-26,853,9,3,8,3,N,A,N,A,H,A,A,01,W,08,F,,,,,A,Y,N,D,1,0,0,0,22107.0,1,39.72633305,-121.68856144,3
2012,2012-09-20,1825,9,3,18,4,N,A,N,A,H,A,A,01,E,03,E,,,,,I,Y,N,D,1,0,0,0,22350.0,1,39.7028026,-121.77036345,3
2012,2012-09-30,1825,9,3,18,7,N,A,N,A,H,A,A,01,E,08,E,,,,,I,Y,N,D,1,0,0,0,22107.0,1,39.70375236,-121.74916547,4
2012,2012-09-22,1950,9,3,19,6,N,A,N,A,H,D,A,01,N,01,C,,,,,E,Y,N,D,1,0,0,0,23152.0,2,39.8585577,-121.60807371,4
2012,2012-09-04,1230,9,3,12,2,N,A,Y,A,H,A,A,01,N,04,C,,,,,C,Y,N,D,1,0,0,0,21703.0,2,39.64655519,-121.72127329,4
2012,2012-09-18,1458,9,3,14,2,N,A,Y,A,D,A,A,08,N,03,C,,,,,C,N,N,A,2,0,0,0,22350.0,2,39.73869519,-121.82239332,4
2012,2012-09-22,831,9,3,8,6,Y,A,Y,A,H,A,A,01,,09,D,,,,,C,Y,N,D,1,0,0,0,21802.0,2,39.73452502,-121.82145072,3
2012,2012-09-13,949,9,3,9,4,Y,A,N,A,H,A,A,01,,09,D,,Y,,,G,N,N,A,1,0,1,0,21801.0,2,39.72303503,-121.8386733,3
2012,2012-09-24,1622,9,3,16,1,N,A,N,A,H,A,L,04,W,08,A,,Y,,,G,N,N,A,1,0,1,0,22107.0,2,39.73026595,-121.84048155,3
2012,2012-09-25,653,9,3,6,2,N,A,N,A,H,A,N,60,S,11,G,Y,,,,B,N,N,D,1,1,0,0,21954.0,2,39.73558376,-121.85381326,3
2012,2012-09-24,1614,9,3,16,1,N,A,N,A,H,A,L,04,W,05,A,,Y,,,G,N,N,D,1,0,1,0,21650.0,2,39.7579832,-121.84526419,3
2012,2012-09-13,1445,9,3,14,4,N,A,N,A,H,A,A,01,N,03,C,,,,,C,N,N,D,1,0,0,0,22350.0,2,39.72775225,-121.85385397,4
2012,2012-11-04,1610,11,3,16,7,N,A,Y,A,H,A,D,22,W,09,D,,,,,C,Y,N,D,3,0,0,0,21801.0,2,39.75063132,-121.90350927,4
2012,2012-10-20,858,10,3,8,6,N,A,N,A,H,A,D,22,E,08,F,,,,,A,Y,N,D,1,0,0,0,22107.0,1,39.71743518,-121.70489073,3
2012,2012-10-13,1340,10,3,13,6,N,A,N,A,H,A,G,25,S,17,B,,,Y,Y,C,N,N,D,1,0,0,1,21662.0,2,39.87712066,-121.61217481,2
2012,2012-11-06,1745,11,3,17,2,N,A,Y,A,H,D,D,22,S,03,C,,,,,C,N,N,D,1,0,0,0,22350.0,2,39.73411794,-121.81621488,4
2012,2012-11-01,540,11,3,5,4,N,B,N,B,H,D,D,22,N,05,A,,,,,C,Y,N,D,3,0,0,0,21460.0,2,39.65700735,-121.56594771,2
2012,2012-11-03,1830,11,3,18,6,Y,A,N,A,H,D,A,07,,09,D,,,,,C,Y,N,A,1,0,0,0,21802.0,2,39.62376363,-121.43633187,4
2012,2012-09-22,1951,9,3,19,6,N,A,N,A,H,C,N,60,,11,G,Y,,,,B,N,N,A,1,1,0,0,21954.0,4,39.50014987,-121.5640533,2
2012,2012-09-01,1004,9,3,10,6,-,A,N,A,H,A,-,- ,,09,-,,,,,C,N,N,-,2,0,0,0,21804.0,2,39.52292474,-121.57249689,4
2012,2012-09-19,1321,9,3,13,3,Y,A,Y,A,H,A,A,01,,09,D,,,,,C,N,N,A,2,0,0,0,21802.0,2,39.49804519,-121.59601364,4
2012,2012-09-27,1025,9,3,10,4,N,A,N,A,H,A,A,01,W,03,E,,,,,I,Y,N,D,1,0,0,0,22350.0,1,39.53152249,-121.48153962,3
2012,2012-09-29,1715,9,3,17,6,N,A,N,A,H,A,A,01,N,21,H,,,,,C,N,N,D,1,0,0,0,22106.0,2,39.51264127,-121.60474355,4
2012,2012-10-24,1830,10,3,18,3,N,B,Y,B,H,B,D,22,N,03,E,,,,,I,N,N,D,2,0,0,0,22350.0,1,39.69536051,-121.61312744,4
2012,2012-10-29,800,10,3,8,1,N,A,Y,A,H,A,-,- ,N,03,C,,,,,C,Y,N,D,1,0,0,0,22350.0,3,39.73863668,-121.82277099,4
2012,2012-10-22,2500,10,3,25,1,N,C,N,B,H,D,A,07,W,05,E,,,,,I,Y,N,D,1,0,0,0,21650.0,1,39.35547212,-121.43784811,2
2012,2012-10-02,1457,10,3,14,2,N,A,N,A,H,A,L,04,S,08,H,,Y,,,G,N,N,D,1,0,1,0,22107.0,2,39.75950342,-121.83868752,3
2012,2012-09-12,1936,9,3,19,3,Y,A,Y,A,H,B,L,04,,05,D,,Y,,,G,N,N,A,1,0,1,0,21650.0,2,39.76113515,-121.81991331,3
2012,2012-09-11,825,9,3,8,2,N,A,N,A,H,A,-,- ,S,18,B,,,Y,,H,N,N,D,1,0,0,1,,1,39.48055929,-121.45737566,4
2012,2012-09-30,1537,9,3,15,7,N,A,N,A,H,A,-,- ,W,12,D,,Y,,,G,N,N,A,1,0,1,0,21453.0,2,39.76105945,-121.84974895,3
2012,2012-09-26,836,9,3,8,3,N,A,N,A,H,A,-,- ,W,18,F,,Y,,,A,N,N,D,1,0,1,0,,1,39.73743466,-121.84650953,3
2012,2012-09-25,1323,9,3,13,2,Y,A,N,A,H,A,A,01,,12,D,,,,,C,N,N,A,2,0,0,0,21453.0,2,39.73276511,-121.83487336,3
2012,2012-09-29,1451,9,3,14,6,Y,A,N,A,H,A,A,01,,09,A,,,,,C,Y,N,A,3,0,0,0,21801.0,2,39.72411511,-121.81777336,3
2012,2012-10-06,2356,10,3,23,6,N,A,Y,A,H,D,N,60,W,11,B,Y,,,,B,N,N,D,1,1,0,0,21954.0,2,39.73814494,-121.81107079,3
2012,2012-10-07,1935,10,3,19,7,N,A,Y,A,H,C,-,- ,W,08,D,,,,,C,N,N,D,1,0,0,0,22107.0,2,39.7330416,-121.86343233,4
2012,2012-10-09,1355,10,3,13,2,N,A,N,A,G,A,L,04,W,05,E,,Y,,,I,N,N,D,1,0,1,0,21650.0,1,39.72946837,-121.83622845,3
2012,2012-10-10,800,10,3,8,3,Y,A,Y,A,H,A,A,01,,03,C,,,,,C,Y,N,A,1,0,0,0,22350.0,2,39.79218709,-121.72195127,4
2012,2012-10-05,1200,10,3,12,5,N,A,N,A,H,A,A,01,N,08,E,,,,,I,Y,N,A,1,0,0,0,22107.0,1,39.6860705,-121.85519229,4
2012,2012-10-16,2027,10,3,20,2,N,A,N,A,H,C,A,01,N,01,D,,,,,C,Y,F,A,3,0,0,0,23152.0,2,39.52213615,-121.55570114,3
2012,2012-10-04,1710,10,3,17,4,Y,A,Y,A,H,A,A,01,,03,C,,,,,C,N,N,A,2,0,0,0,22350.0,2,39.50533819,-121.54793949,4
2012,2012-10-10,940,10,3,9,3,Y,A,N,A,H,A,A,01,,12,D,,,,,C,N,N,A,2,0,0,0,21453.0,2,39.50674512,-121.54572318,3
2012,2012-10-21,1733,10,3,17,7,N,A,N,A,H,A,L,04,,09,H,,Y,,,G,N,N,A,1,0,1,0,21804.0,2,39.73964162,-121.62195683,2
2012,2012-10-26,1458,10,3,14,5,Y,A,N,A,H,A,A,07,,03,H,,,,,A,N,N,A,1,0,0,0,22350.0,1,39.75221513,-121.61276328,3
2012,2012-11-05,1730,11,3,17,1,N,A,Y,A,H,E,D,22,N,03,C,,,,,C,Y,N,D,1,0,0,0,22350.0,4,39.73852935,-121.82216675,4
2012,2012-11-26,1715,11,3,17,1,N,A,Y,A,H,C,A,01,N,03,C,,,,,C,N,N,D,1,0,0,0,22350.0,2,39.72949519,-121.81170331,4
2012,2012-11-25,2056,11,3,20,7,N,A,N,A,H,D,D,22,E,01,E,,,,,I,Y,N,D,1,0,0,0,23152.0,1,39.38877771,-121.41601723,3
2012,2012-11-02,1053,11,3,10,5,Y,A,N,A,H,A,A,08,,09,A,,,,,C,Y,N,A,2,0,0,0,21801.0,3,39.71807505,-121.79533324,3
2012,2012-11-02,1301,11,3,13,5,Y,A,N,A,H,A,D,22,,08,-,,Y,,,G,N,N,A,1,0,1,0,22107.0,2,39.72695506,-121.83817333,3
2012,2012-11-07,1642,11,3,16,3,Y,A,N,A,H,B,D,22,,09,D,,Y,,,G,N,N,D,1,0,1,0,21801.0,2,39.74515514,-121.85109327,2
2012,2012-11-08,1530,11,3,15,4,Y,A,Y,A,H,A,A,01,,12,D,,,,,C,Y,N,A,6,0,0,0,21453.0,4,39.36319986,-121.68792319,4
2012,2012-11-19,836,11,3,8,1,N,B,N,A,H,A,D,22,S,09,D,,,Y,,C,Y,N,D,1,0,0,1,21804.0,2,39.75918706,-121.62411542,4
2012,2012-11-06,1431,11,3,14,2,N,A,N,A,H,A,D,22,S,03,C,,,,,C,Y,N,D,1,0,0,0,22350.0,3,39.76834308,-121.61298388,4
2012,2012-11-09,1750,11,3,17,5,N,A,N,A,H,C,D,73,N,09,D,,,Y,,C,Y,N,D,1,0,0,1,21804.0,2,39.76603458,-121.61603722,2
2012,2012-11-16,1650,11,3,16,5,N,C,Y,B,H,C,D,22,S,03,C,,,,,C,Y,N,A,1,0,0,0,22350.0,3,39.46425266,-121.57868729,4
2012,2012-11-17,1350,11,3,13,6,N,B,N,B,H,A,A,01,E,22,B,,,,,C,Y,N,D,1,0,0,0,,2,39.51776607,-121.48130708,4
2012,2012-11-20,1355,11,3,13,2,N,B,N,B,H,A,D,22,N,03,E,,,,,I,Y,N,D,1,0,0,0,22350.0,1,39.54891055,-121.346578,4
2012,2012-09-29,1350,9,3,13,6,-,A,Y,A,H,A,A,01,,09,A,,,,,C,Y,N,D,1,0,0,0,21804.0,2,39.35952158,-121.68790816,4
2012,2012-10-21,1355,10,3,13,7,Y,A,Y,A,H,A,A,01,,12,D,,,,,C,N,N,A,1,0,0,0,21453.0,2,39.74759519,-121.83439332,4
2012,2012-11-13,2139,11,3,21,2,Y,A,N,A,H,C,-,- ,,08,E,,,,,I,Y,N,A,1,0,0,0,22107.0,1,39.74662514,-121.82991334,4
2012,2012-11-08,1007,11,3,10,4,N,-,N,A,H,A,A,01,N,09,D,,,,,C,N,N,D,1,0,0,0,21804.0,2,39.75307734,-121.85080204,4
2012,2012-09-27,1132,9,3,11,4,N,A,N,A,H,A,A,01,S,09,D,,,,,C,Y,N,B,3,0,0,0,21801.0,2,39.75701145,-121.62558915,4
2012,2012-10-08,1510,10,3,15,1,Y,A,N,A,H,A,L,04,,05,H,,Y,,,G,N,N,D,1,0,1,0,21650.0,2,39.76271507,-121.8628733,3
2012,2012-10-12,332,10,3,3,5,N,A,N,A,H,D,-,- ,S,18,E,,,,,J,Y,N,D,1,0,0,0,,1,39.46300489,-121.45207087,4
2012,2012-10-10,635,10,3,6,3,Y,A,Y,A,D,B,A,01,,09,D,,,,,C,Y,N,D,2,0,0,0,21802.0,2,39.38417096,-121.61170107,4
2012,2012-10-14,1405,10,3,14,7,Y,B,N,A,H,A,A,07,,03,B,,,Y,,C,N,N,D,1,0,0,1,22350.0,2,39.36297512,-121.72315318,4
2012,2012-10-19,2006,10,3,20,5,Y,A,N,A,H,C,-,- ,,12,D,,,,,C,Y,N,A,4,0,0,0,21453.0,2,39.77228514,-121.87695325,4
2012,2012-10-23,1700,10,3,17,2,N,A,N,A,H,B,-,- ,N,09,D,,Y,,,G,N,N,D,1,0,1,0,21801.0,2,39.74402999,-121.83990721,3
2012,2012-10-23,1848,10,3,18,2,Y,B,N,A,H,C,-,- ,,09,D,,,,,C,Y,N,A,1,0,0,0,21801.0,2,39.71807505,-121.79533324,4
2012,2012-10-07,1121,10,3,11,7,Y,A,N,A,H,A,D,72,,09,D,,,,,C,Y,N,D,1,0,0,0,21800.0,2,39.36802506,-121.69893329,4
2012,2012-10-19,1540,10,3,15,5,N,A,N,A,H,A,A,01,S,08,E,,,,,I,Y,N,D,1,0,0,0,22107.0,1,39.50633346,-121.59163331,4
2012,2012-10-01,855,10,3,8,1,Y,A,N,A,H,A,A,07,,03,C,,,,,C,N,N,A,1,0,0,0,22350.0,3,39.77764514,-121.60630334,4
2012,2012-11-30,2210,11,3,22,5,N,B,N,B,H,C,D,22,W,01,A,,,,,C,Y,N,D,1,0,0,0,23152.0,2,39.5065448,-121.48529291,4
2012,2012-11-13,1328,11,3,13,2,N,A,N,A,H,A,A,01,S,09,D,,,,,C,Y,N,D,3,0,0,0,21801.0,2,39.78292419,-121.58789695,4
2012,2012-10-23,415,10,3,4,2,N,B,N,B,B,D,-,- ,S,18,E,,,,,I,N,N,D,1,0,0,0,,1,39.48597171,-121.36904544,4
2012,2012-10-17,1644,10,3,16,3,N,A,Y,A,H,A,A,01,W,08,E,,,,,J,Y,N,D,1,0,0,0,22107.0,1,39.4639977,-121.82407831,4
2012,2012-11-07,1412,11,3,14,3,N,A,Y,A,H,A,-,- ,S,04,C,,,,,C,N,N,A,1,0,0,0,21703.0,2,39.72407519,-121.84967332,3
2012,2012-11-09,1557,11,3,15,5,N,A,N,A,H,A,-,- ,E,09,D,,Y,,,G,N,N,D,1,0,1,0,21801.0,2,39.74124729,-121.86050886,2
2012,2012-11-02,2025,11,3,20,5,N,A,N,A,H,C,-,- ,N,08,D,,,,,C,Y,N,A,1,0,0,0,22107.0,2,39.75818664,-121.84386868,2
2012,2012-11-09,2100,11,3,21,5,Y,B,N,B,H,C,A,07,,12,D,,,,,C,Y,N,A,2,0,0,0,22450.0,2,39.49398506,-121.54526319,3
2012,2012-11-02,1850,11,3,18,5,N,A,N,A,H,D,A,07,S,01,E,,,,,I,Y,N,D,1,0,0,0,23152.0,1,39.51736765,-121.58720331,3
2012,2012-10-07,214,10,3,2,7,Y,A,N,A,H,C,-,- ,,03,A,Y,,,,B,N,M,D,1,1,0,0,22350.0,3,39.72312512,-121.84205325,4
2012,2012-11-20,1245,11,3,12,2,N,B,N,B,H,A,A,01,W,08,E,,,,,I,Y,N,D,1,0,0,0,22107.0,1,39.50636574,-121.36029093,4
2012,2012-11-21,1200,11,3,12,3,N,B,Y,B,H,A,A,07,S,03,E,,,,,I,Y,N,A,2,0,0,0,22350.0,1,,,3
2012,2012-10-27,1457,10,3,14,6,Y,A,N,A,H,A,-,- ,,09,A,,,,,C,Y,F,A,4,0,0,0,21801.0,2,39.74540512,-121.84089332,2
2012,2012-11-16,1808,11,3,18,5,Y,C,N,B,H,C,-,- ,,03,D,,,,,C,Y,N,D,1,0,0,0,22350.0,2,39.75130503,-121.8501633,4
2012,2012-11-07,944,11,3,9,3,Y,A,N,A,H,A,-,- ,,12,C,,,,,C,Y,N,A,1,0,0,0,21453.0,2,39.75231507,-121.8448833,4
2012,2012-11-03,2135,11,3,21,6,N,A,N,A,H,C,L,04,N,05,B,,Y,,,G,N,N,D,1,0,1,0,21651.0,2,39.48936342,-121.55122623,2
2012,2012-10-18,1734,10,3,17,4,Y,A,N,A,H,B,-,- ,,09,D,,,,,C,Y,N,D,1,0,0,0,21801.0,2,39.76124512,-121.85383328,3
2012,2012-10-16,1611,10,3,16,2,Y,A,N,A,H,A,L,04,,03,E,,Y,,,I,N,N,D,1,0,1,0,22350.0,1,39.72980505,-121.8430233,3
2012,2012-10-16,912,10,3,9,2,Y,A,Y,A,H,A,A,01,,12,D,,,,,C,N,N,A,3,0,0,0,22450.0,2,39.72245247,-121.8412474,3
2012,2012-10-11,1557,10,3,15,4,Y,A,Y,A,H,A,A,08,,12,D,,Y,,,G,N,F,A,1,0,1,0,21453.0,2,39.72985186,-121.83025566,2
2012,2012-10-15,1535,10,3,15,1,Y,A,N,A,H,A,E,22,E,12,D,,,,,C,Y,N,A,1,0,0,0,22450.0,2,39.7737126,-121.83560006,4
2012,2012-10-22,1446,10,3,14,1,N,B,Y,A,H,A,C,02,E,08,E,,,Y,,I,Y,N,D,1,0,0,1,22107.0,1,39.69529152,-121.53114683,2
2012,2012-12-07,833,12,4,8,5,N,A,N,A,H,A,A,01,N,05,C,,,,,E,Y,N,D,1,0,0,0,21650.0,2,39.72128403,-121.82476812,3
2012,2012-12-07,1417,12,4,14,5,N,A,N,A,H,A,F,26,N,03,C,,,,Y,C,N,N,D,2,0,0,0,22350.0,2,39.72794968,-121.85412611,4
2012,2012-10-30,1455,10,3,14,2,Y,A,N,A,H,A,A,07,,09,D,,,,,C,Y,N,D,1,0,0,0,21801.0,2,39.75208516,-121.62187325,4
2012,2012-10-10,1635,10,3,16,3,N,A,N,A,H,A,A,01,N,03,C,,,,,C,N,N,A,2,0,0,0,22350.0,2,39.79744329,-121.58545774,3
2012,2012-12-02,1408,12,4,14,7,Y,B,N,B,H,A,D,22,,09,D,,,,,C,N,N,B,1,0,0,0,21800.0,2,39.75588506,-121.60742323,4
2012,2012-11-01,929,11,3,9,4,N,B,N,B,H,A,-,- ,N,18,C,,,,,C,Y,N,D,1,0,0,0,,2,39.78502849,-121.84395641,4
2012,2012-11-02,2026,11,3,20,5,Y,B,N,A,H,C,-,- ,,08,B,,,,,C,N,N,A,2,0,0,0,22107.0,2,39.77043511,-121.59772333,4
2012,2012-10-15,1130,10,3,11,1,N,A,Y,A,H,A,A,07,W,21,D,,,,,C,Y,N,D,1,0,0,0,22106.0,2,39.40505761,-121.68802325,4
2012,2012-10-30,1455,10,3,14,2,Y,A,N,A,H,A,A,07,,03,C,,,,,C,Y,N,D,6,0,0,0,22350.0,2,39.49631504,-121.5508232,3