ACCIDENT_YEAR,COLLISION_DATE,COLLISION_TIME,MONTH,SEASON,24HOURS,DAY_OF_WEEK,INTERSECTION,WEATHER_1,STATE_HWY_IND,ROAD_SURFACE,ROAD_COND_1,LIGHTING,STWD_VEHTYPE_AT_FAULT,CHP_VEHTYPE_AT_FAULT,DIRECTION,PCF_VIOL_CATEGORY,TYPE_OF_COLLISION,PEDESTRIAN_ACCIDENT,BICYCLE_ACCIDENT,MOTORCYCLE_ACCIDENT,TRUCK_ACCIDENT,MVIW,TOW_AWAY,HIT_AND_RUN,CONTROL_DEVICE,NUMBER_INJURED,COUNT_PED_INJURED,COUNT_BICYCLIST_INJURED,COUNT_MC_INJURED,PCF_VIOLATION,PARTY_COUNT,POINT_Y,POINT_X,COLLISION_SEVERITY
2013,2013-04-03,2339,4,1,23,3,Y,A,N,A,H,C,-,- ,,03,H,,,,,I,N,N,D,1,0,0,0,22350.0,1,39.731365,-121.8576833,3
2013,2013-04-08,2030,4,1,20,1,Y,A,Y,A,H,D,A,01,,12,D,,,,Y,C,Y,N,A,1,0,0,0,22450.0,2,39.5148252,-121.4440032,3
2013,2013-03-28,1035,3,1,10,4,N,B,N,A,H,A,L,04,W,09,D,,Y,,,G,N,N,D,1,0,1,0,21804.0,2,39.5004544,-121.5417442,3
2013,2013-03-30,1410,3,1,14,6,N,A,Y,A,H,A,A,01,W,01,E,,,,,I,Y,N,D,3,0,0,0,23152.0,2,39.756802,-121.7372337,3
2013,2013-04-12,1040,4,1,10,5,N,A,Y,A,H,A,A,01,E,03,E,,,,,I,Y,N,D,1,0,0,0,22350.0,1,39.3351551,-121.5975646,4
2013,2013-04-09,1706,4,1,17,2,Y,A,N,A,H,A,A,01,,09,D,,,,,C,Y,N,A,2,0,0,0,21802.0,2,39.497195,-121.5453533,4
2013,2013-03-24,8,3,1,0,7,N,-,N,-,H,A,A,01,W,01,E,,,,,I,N,N,-,1,0,0,0,23152.0,1,39.7520168,-121.5941508,2
2013,2013-04-08,1145,4,1,11,1,N,A,N,A,H,A,A,01,W,03,E,,,,,I,Y,N,D,1,0,0,0,22350.0,1,39.75948418,-121.62912369,4
2013,2013-04-02,1554,4,1,15,2,N,A,N,A,H,A,A,01,S,03,C,,,,,C,Y,N,D,2,0,0,0,22350.0,2,39.756882,-121.6256754,4
2013,2013-03-20,1640,3,1,16,3,N,B,N,A,H,A,A,01,W,01,E,,,,,I,Y,N,D,4,0,0,0,23152.0,1,39.5247359,-121.625453,3
2013,2013-03-08,1525,3,1,15,5,Y,A,N,A,H,A,-,- ,,09,G,Y,,,,B,Y,F,A,1,1,0,0,21801.0,2,39.72176151,-121.82121813,3
2013,2013-03-30,1541,3,1,15,6,N,A,N,A,H,A,B,01,S,03,C,,,,,C,N,N,A,1,0,0,0,22350.0,2,39.7461183,-121.6384518,4
2013,2013-03-27,1741,3,1,17,3,N,B,N,A,H,A,A,01,N,05,B,,,,,C,Y,N,D,1,0,0,0,21460.0,2,39.7846253,-121.5865848,4
2013,2013-04-10,740,4,1,7,3,N,A,Y,A,H,A,D,22,S,08,E,,,,,I,Y,N,D,1,0,0,0,22107.0,1,39.7520859,-121.8416239,2
2013,2013-04-16,935,4,1,9,2,N,A,Y,A,H,A,A,08,S,08,F,,,,,A,Y,N,D,1,0,0,0,22107.0,1,39.6610717,-121.7374964,4
2013,2013-04-22,1216,4,1,12,1,N,A,N,A,H,A,A,01,E,08,D,,,,,C,N,N,D,1,0,0,0,22107.0,2,39.77311206,-121.87558115,4
2013,2013-04-01,1840,4,1,18,1,N,A,Y,A,H,A,A,07,W,08,E,,,,,I,Y,N,D,3,0,0,0,22107.0,1,39.4939791,-121.7223547,3
2013,2013-04-05,1630,4,1,16,5,Y,A,N,A,H,A,C,02,,09,D,,,Y,,C,N,N,D,1,0,0,1,21800.0,2,39.4860751,-121.5529433,3
2013,2013-04-02,1104,4,1,11,2,N,A,Y,A,H,A,A,07,N,03,C,,,,,C,Y,N,A,2,0,0,0,22350.0,2,39.4654181,-121.5775956,4
2013,2013-04-05,1344,4,1,13,5,N,A,N,A,H,A,A,07,,03,C,,,,,C,Y,N,D,2,0,0,0,22350.0,2,,,3
2013,2013-03-20,1255,3,1,12,3,Y,B,N,A,H,A,A,01,,09,D,,,,,C,Y,N,A,1,0,0,0,21802.0,2,39.5119951,-121.5916133,4
2013,2013-03-09,2228,3,1,22,6,N,A,N,A,H,D,A,01,N,03,G,Y,,,,B,N,F,D,1,1,0,0,22350.0,2,39.4951262,-121.5435007,3
2013,2013-04-08,1340,4,1,13,1,N,A,N,A,H,A,D,22,W,09,D,,,,,C,Y,N,D,2,0,0,0,21801.0,2,39.3672216,-121.4158704,4
2013,2013-04-19,1750,4,1,17,5,Y,A,N,A,H,A,A,01,,09,D,,,Y,,D,Y,N,A,2,0,0,1,21800.0,2,39.364945,-121.7027032,4
2013,2013-04-22,1945,4,1,19,1,Y,A,Y,A,H,B,-,- ,,01,C,,,,,C,Y,N,A,1,0,0,0,23152.0,2,39.7528952,-121.8430833,4
2013,2013-04-19,750,4,1,7,5,N,A,N,A,H,A,A,01,E,08,E,,,,,I,Y,N,D,1,0,0,0,22107.0,1,39.6657564,-121.7440757,4
2013,2013-04-26,1705,4,1,17,5,N,A,N,A,H,A,D,22,W,03,E,,,,,I,Y,N,D,2,0,0,0,22350.0,1,39.4915349,-121.4698061,3
2013,2013-04-06,1944,4,1,19,6,N,A,Y,A,H,C,A,01,S,- ,G,Y,,,,B,Y,N,D,1,1,0,0,,2,39.5007452,-121.5338968,3
2013,2013-04-04,1339,4,1,13,4,Y,A,N,A,H,A,A,01,,09,D,,,,,C,Y,N,A,1,0,0,0,21802.0,3,39.5119751,-121.5556833,4
2013,2013-04-02,1537,4,1,15,2,Y,A,N,A,H,A,A,01,,05,B,,,,,E,Y,N,D,2,0,0,0,21650.0,2,39.8443451,-121.6059933,4
2013,2013-04-12,1245,4,1,12,5,N,A,Y,A,H,A,G,25,N,03,C,,,,Y,C,Y,N,D,1,0,0,0,22350.0,2,39.7445005,-121.6076648,3
2013,2013-04-17,1702,4,1,17,3,N,A,N,A,H,A,D,22,W,08,D,,,Y,,C,N,N,A,1,0,0,1,22107.0,2,39.7522455,-121.608136,4
2013,2013-04-20,2125,4,1,21,6,N,A,Y,A,H,C,A,01,W,01,A,,,,,C,Y,N,-,1,0,0,0,23152.0,2,39.5071639,-121.4951408,3
2013,2013-04-18,10,4,1,0,4,N,A,Y,A,H,D,-,99,S,03,C,,,,,C,Y,F,D,1,0,0,0,22350.0,2,39.7669346,-121.8642427,3
2013,2013-04-19,1430,4,1,14,5,N,A,Y,A,H,A,A,01,S,03,C,,,,,C,N,M,D,1,0,0,0,22350.0,2,39.7434352,-121.8287833,4
2013,2013-03-27,1802,3,1,18,3,Y,A,N,A,H,A,-,- ,,- ,D,,,,,C,Y,N,D,1,0,0,0,,2,39.5102351,-121.5668832,4
2013,2013-03-27,1958,3,1,19,3,Y,A,Y,A,H,C,-,- ,,12,A,,,,,C,Y,N,A,1,0,0,0,21453.0,2,39.4980291,-121.5717365,4
2013,2013-03-14,1442,3,1,14,4,N,A,N,A,H,A,A,01,S,09,A,,,,,C,N,N,D,1,0,0,0,21804.0,2,39.4973427,-121.5719887,4
2013,2013-03-23,40,3,1,0,6,N,A,N,A,H,C,A,01,W,01,E,,,,,I,Y,N,D,1,0,0,0,23152.0,2,,,4
2013,2013-04-22,1920,4,1,19,1,N,A,N,A,H,A,D,22,E,01,E,,,,,I,Y,N,D,1,0,0,0,23152.0,1,39.7119454,-121.8658277,2
2013,2013-04-20,1745,4,1,17,6,N,A,N,A,H,A,A,01,N,03,C,,,,,C,N,N,D,1,0,0,0,22350.0,2,39.3856169,-121.5397857,4
2013,2013-04-16,835,4,1,8,2,N,A,Y,A,H,A,A,07,S,01,C,,,,,C,Y,N,D,2,0,0,0,23152.0,2,39.4569122,-121.5855633,3
2013,2013-04-23,807,4,1,8,2,Y,A,N,A,H,A,A,01,,03,C,,,,,C,Y,N,D,1,0,0,0,22350.0,2,39.7594451,-121.6178732,4
2013,2013-04-19,1652,4,1,16,5,N,A,N,A,H,A,A,01,W,03,C,,,,,C,N,N,D,1,0,0,0,22350.0,2,39.7520805,-121.6219763,4
2013,2013-04-07,813,4,1,8,7,N,A,N,A,H,A,D,22,S,08,F,,,,,A,Y,N,D,1,0,0,0,22107.0,1,39.69404107,-121.92843676,4
2013,2013-05-01,1600,5,1,16,3,N,A,N,A,H,A,I,11,N,09,F,,,Y,,A,N,N,D,1,0,0,1,21801.0,2,39.5233703,-121.482975,3
2013,2013-04-27,1945,4,1,19,6,N,A,N,A,H,A,-,- ,N,18,E,,,,,I,Y,N,D,1,0,0,0,,1,39.307335,-121.7248533,4
2013,2013-04-29,1245,4,1,12,1,N,A,N,A,H,A,D,22,W,08,F,,,,,A,Y,N,D,1,0,0,0,22107.0,1,39.6975583,-121.9269168,4
2013,2013-04-25,1648,4,1,16,4,Y,A,N,A,H,A,D,22,,09,D,,,,,C,Y,N,D,1,0,0,0,21801.0,2,39.6128651,-121.7873732,4
2013,2013-04-23,1317,4,1,13,2,N,A,Y,A,H,A,D,22,W,03,C,,,,,C,Y,N,A,2,0,0,0,22350.0,2,39.7549452,-121.8462333,3
2013,2013-04-05,1202,4,1,12,5,N,B,Y,A,H,A,A,08,W,05,A,,,,,C,Y,N,D,5,0,0,0,21460.0,2,39.6209292,-121.5979478,4
2013,2013-04-10,1050,4,1,10,3,N,A,N,A,H,A,A,01,W,05,F,,,,,A,Y,N,D,1,0,0,0,21650.0,1,39.4313257,-121.5329318,3
2013,2013-05-01,1712,5,1,17,3,Y,A,N,A,H,A,-,- ,,09,G,,Y,,,G,N,N,D,1,0,1,0,21801.0,2,39.7310351,-121.8626132,4
2013,2013-04-01,1525,4,1,15,1,N,A,N,A,H,A,A,08,E,08,F,,,,,A,Y,N,D,2,0,0,0,22107.0,1,39.7352203,-121.672467,4
2013,2013-04-05,800,4,1,8,5,N,B,Y,A,D,A,A,01,S,03,C,,,,,C,N,N,D,1,0,0,0,22350.0,2,39.7425754,-121.8276211,4
2013,2013-04-12,2100,4,1,21,5,N,A,N,A,B,D,A,07,S,01,F,,,,,A,Y,N,D,4,0,0,0,23152.0,1,39.86903485,-121.77349627,2
2013,2013-05-09,1509,5,1,15,4,N,A,Y,A,H,A,D,22,S,03,C,,,,,C,Y,N,D,1,0,0,0,22350.0,2,39.735837,-121.8189955,4
2013,2013-04-05,1403,4,1,14,5,Y,A,N,A,H,A,D,22,,03,C,,,,,C,N,N,D,3,0,0,0,22350.0,3,39.7610551,-121.6229333,4
2013,2013-04-23,1601,4,1,16,2,N,A,N,A,H,A,L,04,W,12,D,,Y,,,G,N,N,A,1,0,1,0,21453.0,2,39.7289771,-121.8405595,3
2013,2013-04-23,1536,4,1,15,2,Y,A,N,A,H,A,A,01,,09,D,,,Y,,D,N,N,A,1,0,0,1,21800.0,2,39.364135,-121.6940432,4
2013,2013-04-25,1436,4,1,14,4,Y,A,N,A,H,A,A,01,,03,C,,,,,C,N,M,A,3,0,0,0,22350.0,3,39.7649651,-121.6029433,4
2013,2013-04-25,1437,4,1,14,4,Y,A,N,A,H,A,A,01,,03,C,,,,,C,Y,N,D,1,0,0,0,22350.0,2,39.7594551,-121.6164133,4
2013,2013-04-27,115,4,1,1,6,N,A,N,A,H,C,D,22,E,08,E,,,,,I,Y,N,A,1,0,0,0,22107.0,1,39.48053299,-121.5304935,2
2013,2013-05-07,2007,5,1,20,2,N,B,N,A,H,A,-,- ,E,03,C,,,,,D,N,N,A,1,0,0,0,22350.0,2,,,4
2013,2013-05-08,830,5,1,8,3,Y,B,N,A,H,C,-,- ,,03,C,,,,,C,N,N,A,1,0,0,0,22350.0,2,39.7209051,-121.8262032,4
2013,2013-05-07,1212,5,1,12,2,Y,B,N,A,H,A,A,08,,03,C,,,,,C,N,N,A,1,0,0,0,22350.0,2,39.7594751,-121.6239233,4
2013,2013-04-10,1538,4,1,15,3,N,A,N,A,H,A,A,01,S,03,C,,,,,C,N,N,D,1,0,0,0,22350.0,2,39.7755533,-121.8707708,4
2013,2013-04-27,1601,4,1,16,6,N,A,N,A,H,A,-,- ,N,01,A,,,,,I,Y,N,A,1,0,0,0,23152.0,1,39.7274998,-121.8016376,3
2013,2013-04-28,1821,4,1,18,7,N,A,N,A,H,A,-,- ,N,01,F,,,,,I,Y,N,D,1,0,0,0,23152.0,1,39.7818266,-121.8722915,4
2013,2013-04-21,1321,4,1,13,7,Y,A,N,A,H,A,-,- ,,09,A,,,,,C,Y,N,D,1,0,0,0,21801.0,2,39.75505917,-121.86419249,3
2013,2013-05-04,1625,5,1,16,6,N,A,N,A,H,A,A,01,S,08,E,,,,,I,Y,N,D,1,0,0,0,22107.0,1,39.7163678,-121.8604277,3
2013,2013-05-03,1535,5,1,15,5,N,A,N,A,H,A,B,07,S,08,F,,,,,A,Y,N,D,1,0,0,0,22107.0,1,39.5691602,-121.856956,3
2013,2013-05-03,1801,5,1,18,5,N,A,N,A,H,A,A,01,W,01,A,,,,,C,Y,N,D,1,0,0,0,23152.0,2,39.6420151,-121.6492032,3
2013,2013-04-25,1454,4,1,14,4,Y,A,N,A,H,A,A,01,,09,D,,,,,C,Y,N,A,3,0,0,0,21802.0,2,39.5138351,-121.5872132,4
2013,2013-05-10,1739,5,1,17,5,N,A,Y,A,H,A,D,22,S,09,B,,,,,C,Y,N,D,1,0,0,0,21804.0,2,39.7236554,-121.8491995,4
2013,2013-05-12,1937,5,1,19,7,-,A,N,A,H,A,-,- ,,01,F,,,,,I,Y,N,D,1,0,0,0,23152.0,1,39.740045,-121.8633032,3
2013,2013-05-05,1809,5,1,18,7,Y,B,N,A,H,A,A,01,,01,D,,,,,C,Y,F,A,2,0,0,0,23153.0,2,39.7300251,-121.8318033,3
2013,2013-05-01,1618,5,1,16,3,Y,A,N,A,H,A,N,60,,11,D,Y,,,,B,N,N,A,1,1,0,0,21950.0,2,39.4930751,-121.5506532,3
2013,2013-04-29,1144,4,1,11,1,N,A,Y,A,H,A,A,08,S,03,C,,,,Y,C,Y,N,A,1,0,0,0,22350.0,2,39.7001928,-121.7845226,3
2013,2013-05-06,1715,5,1,17,1,N,A,Y,A,H,A,D,22,N,04,C,,,,,C,N,M,D,1,0,0,0,21703.0,2,39.7460135,-121.8327153,4
2013,2013-04-29,1705,4,1,17,1,N,A,N,A,H,A,A,01,N,01,E,,,,,I,Y,N,D,1,0,0,0,23152.0,1,39.80039476,-121.60659581,3
2013,2013-05-13,1856,5,1,18,1,Y,A,N,A,H,A,L,04,,09,D,,Y,,,G,N,N,D,1,0,1,0,21804.0,2,,,4
2013,2013-05-14,2041,5,1,20,2,N,A,Y,A,H,C,A,01,N,03,C,,,,,C,Y,N,D,2,0,0,0,22350.0,2,39.5367935,-121.5842229,3
2013,2013-05-06,2157,5,1,21,1,N,A,N,A,H,D,A,01,E,03,E,,,,,I,Y,N,D,1,0,0,0,22350.0,1,39.4914225,-121.5504193,4
2013,2013-05-11,1134,5,1,11,6,N,A,N,A,H,A,A,01,N,09,B,,,Y,,C,N,N,D,1,0,0,1,21801.0,2,39.7640199,-121.6196391,2
2013,2013-05-03,803,5,1,8,5,Y,A,N,A,H,A,A,07,,12,G,Y,,,,B,Y,N,A,1,1,0,0,22450.0,2,39.7485851,-121.5890333,3
2013,2013-05-09,1005,5,1,10,4,N,A,Y,A,H,A,-,- ,N,18,H,,,Y,,A,N,N,D,1,0,0,1,,2,,,3
2013,2013-06-12,2033,6,2,20,3,N,A,N,A,H,A,A,01,W,03,D,,,,,C,Y,N,D,2,0,0,0,22350.0,2,39.7532886,-121.8454581,4
2013,2013-05-01,1815,5,1,18,3,Y,A,N,A,H,A,A,01,,09,D,,,,,C,Y,N,A,2,0,0,0,21802.0,2,39.4950651,-121.5305632,4
2013,2013-05-08,1610,5,1,16,3,N,B,N,A,H,A,L,04,N,03,H,,Y,,,A,N,N,A,1,0,1,0,22350.0,1,39.4963726,-121.5486954,3
2013,2013-05-10,1746,5,1,17,5,Y,A,Y,A,H,A,-,- ,,09,D,,,,,C,N,N,D,1,0,0,0,21802.0,2,39.7224525,-121.8412474,3
2013,2013-05-17,720,5,1,7,5,N,A,Y,A,H,A,A,01,S,03,C,,,,,C,Y,N,D,1,0,0,0,22350.0,2,39.3202279,-121.6782118,4
2013,2013-05-23,750,5,1,7,4,N,A,N,A,H,A,A,01,S,08,B,,Y,,,G,N,N,D,1,0,1,0,22107.0,2,39.7624883,-121.8551198,3
2013,2013-05-21,1742,5,1,17,2,Y,A,Y,A,H,A,A,,,09,D,,,,,C,Y,N,D,1,0,0,0,21804.0,2,39.7224525,-121.8412474,4
2013,2013-05-24,1605,5,1,16,5,N,A,Y,A,H,A,G,25,W,03,C,,,,Y,C,N,N,D,2,0,0,0,22350.0,2,39.7441147,-121.888157,4
2013,2013-05-30,1817,5,1,18,4,Y,A,N,A,H,A,A,01,,12,D,,,,,C,Y,N,A,1,0,0,0,21453.0,2,39.726595,-121.8459433,4
2013,2013-05-26,2250,5,1,22,7,N,A,N,A,H,C,C,02,W,08,F,,,Y,,A,Y,N,D,1,0,0,1,22107.0,1,39.7314853,-121.683423,2
2013,2013-05-16,1713,5,1,17,4,Y,B,N,A,H,A,-,- ,,12,D,,,,,C,Y,N,A,1,0,0,0,21453.0,2,39.7377551,-121.8457432,4
2013,2013-05-29,1950,5,1,19,3,Y,A,N,A,H,B,D,22,,09,D,,,,,C,N,N,A,2,0,0,0,21801.0,3,39.4656651,-121.5215333,3
2013,2013-05-22,932,5,1,9,3,N,A,N,A,H,A,-,- ,N,18,E,,,,,I,Y,N,D,1,0,0,0,,1,39.7221401,-121.8284187,4
2013,2013-05-14,2000,5,1,20,2,N,A,Y,A,H,A,-,- ,S,18,F,,,,,A,Y,N,D,1,0,0,0,,1,39.7692915,-121.867165,4
2013,2013-05-28,1840,5,1,18,2,N,A,N,A,H,A,A,01,N,01,E,,,,,E,Y,N,D,1,0,0,0,23152.0,2,39.7252344,-121.8275028,4
2013,2013-04-20,2246,4,1,22,6,N,A,Y,A,H,D,N,60,W,11,G,Y,,,,B,N,N,D,1,1,0,0,21954.0,2,39.4980552,-121.5984475,2
2013,2013-06-05,631,6,2,6,3,N,A,Y,A,H,A,A,01,S,08,A,,,,,C,Y,N,D,1,0,0,0,22107.0,2,39.6187152,-121.6272533,4
2013,2013-05-28,855,5,1,8,2,N,B,N,A,H,A,A,01,N,05,B,,,,Y,C,Y,N,D,3,0,0,0,21460.0,2,39.6699848,-121.8031749,4
2013,2013-05-28,806,5,1,8,2,N,A,N,A,H,A,D,22,S,03,C,,,,,C,N,N,D,1,0,0,0,22350.0,2,39.7576057,-121.572363,4
2013,2013-06-06,1850,6,2,18,4,N,A,N,A,E,A,D,22,E,01,E,,,,,I,Y,N,D,1,0,0,0,23152.0,1,39.5243216,-121.6308167,3
2013,2013-05-28,1513,5,1,15,2,N,A,Y,A,H,A,A,01,N,01,C,,,,,C,Y,N,A,1,0,0,0,23152.0,2,39.7524052,-121.8416833,4
2013,2013-06-02,2101,6,2,21,7,Y,A,N,A,H,C,L,04,,14,D,,Y,,,G,N,N,D,1,0,1,0,21201.0,2,39.7386951,-121.7876932,4
2013,2013-05-16,1915,5,1,19,4,N,B,N,A,H,A,A,01,S,01,D,,,,,C,Y,F,D,2,0,0,0,23152.0,2,39.3655127,-121.5397829,3
2013,2013-05-26,1215,5,1,12,7,N,B,N,A,H,A,C,02,E,08,F,,,Y,,A,Y,N,D,1,0,0,1,22107.0,1,,,4
2013,2013-05-27,1528,5,1,15,1,N,B,N,B,H,A,A,08,E,03,C,,,,,C,N,N,A,1,0,0,0,22350.0,2,39.466846,-121.5259847,4
2013,2013-05-29,1726,5,1,17,3,N,A,N,A,H,A,A,01,S,08,F,,,,,I,Y,N,D,1,0,0,0,22107.0,1,39.57955019,-121.61921024,3
2013,2013-05-17,1631,5,1,16,5,Y,A,Y,A,H,A,A,01,,09,D,,,,,C,Y,N,D,2,0,0,0,21801.0,2,39.3577452,-121.6879432,3
2013,2013-05-29,1303,5,1,13,3,N,A,Y,A,H,A,C,02,N,03,C,,,Y,,C,Y,N,D,1,0,0,1,22350.0,2,39.6954789,-121.6132353,2
2013,2013-05-15,1125,5,1,11,3,N,A,Y,A,H,A,A,07,S,04,C,,,,,C,N,N,D,1,0,0,0,21703.0,2,39.5036328,-121.4595931,4
2013,2013-05-24,1825,5,1,18,5,N,A,N,A,E,A,A,01,E,03,E,,,,,I,Y,N,D,1,0,0,0,22350.0,1,39.6528793,-121.5434555,4
2013,2013-05-14,1445,5,1,14,2,N,A,N,A,H,A,A,01,N,05,F,,,,,A,Y,N,A,2,0,0,0,21650.0,1,39.4283521,-121.656352,3
2013,2013-06-12,1310,6,2,13,3,N,A,N,A,H,A,E,22,N,03,C,,,,,C,N,N,D,3,0,0,0,22350.0,2,39.48973666,-121.53050959,4
2013,2013-05-23,1653,5,1,16,4,N,A,N,A,H,A,-,- ,S,09,D,,,,,C,Y,N,D,3,0,0,0,21804.0,2,39.766214,-121.6155436,3
2013,2013-05-22,1214,5,1,12,3,N,A,N,A,H,A,A,01,S,05,F,,,,,A,Y,N,D,1,0,0,0,21650.0,1,39.7858383,-121.5968485,4
2013,2013-05-29,29,5,1,0,3,N,B,Y,A,H,D,A,01,S,01,E,,,,,I,Y,N,D,1,0,0,0,23152.0,1,39.7520859,-121.8416239,3
2013,2013-05-17,1604,5,1,16,5,N,A,N,A,H,A,C,02,S,03,C,,,Y,,C,Y,N,D,1,0,0,1,22350.0,2,39.5201684,-121.4853147,3
2013,2013-05-26,1115,5,1,11,7,N,B,Y,A,H,A,A,07,W,08,F,,,,,A,Y,N,D,1,0,0,0,22107.0,1,39.5037539,-121.501189,3
2013,2013-05-27,2217,5,1,22,1,N,B,Y,B,H,D,-,- ,E,18,D,,,,,H,,N,D,1,0,0,0,,1,39.5046905,-121.5215185,4
2013,2013-05-18,1320,5,1,13,6,N,A,N,A,H,A,C,02,N,08,C,,,Y,,C,Y,N,D,2,0,0,2,22107.0,2,39.37034233,-121.37237459,2
2013,2013-02-20,1348,2,4,13,3,N,A,N,A,H,A,A,01,N,05,E,,,,,I,Y,N,D,1,0,0,0,21650.0,1,39.4838395,-121.5743988,3
2013,2013-04-11,1208,4,1,12,4,N,A,N,A,H,A,A,01,E,- ,B,,Y,,,G,N,N,D,1,0,1,0,,2,39.7301724,-121.8351943,3
2013,2013-06-20,520,6,2,5,4,N,A,Y,A,H,A,D,22,E,08,F,,,,,I,Y,N,D,1,0,0,0,22107.0,1,39.5037539,-121.501189,3
2013,2013-05-31,1710,5,1,17,5,Y,A,N,A,H,A,A,01,,03,C,,,,,C,Y,N,A,1,0,0,0,22350.0,2,39.7558851,-121.6074232,4
2013,2013-06-04,1937,6,2,19,2,N,A,N,A,H,A,L,04,S,09,D,,Y,,,G,N,N,D,1,0,1,0,21804.0,2,39.7583053,-121.8492143,3
2013,2013-06-26,1035,6,2,10,3,N,A,N,A,H,A,D,22,W,10,G,Y,,,,B,N,N,D,1,1,0,0,21952.0,2,39.7579937,-121.8469034,3
2013,2013-05-21,2033,5,1,20,2,N,A,N,A,H,D,A,07,N,05,F,,,,,I,Y,N,D,1,0,0,0,21650.0,1,39.78841083,-121.58592939,4
2013,2013-05-10,1201,5,1,12,5,N,A,N,-,H,A,A,01,N,09,H,,,Y,,A,Y,N,D,1,0,0,1,21801.0,2,39.7532207,-121.6077624,3
2013,2013-06-05,1412,6,2,14,3,N,A,N,A,H,A,A,01,N,03,C,,,,,C,N,N,A,1,0,0,0,22350.0,3,39.7707644,-121.6121497,4
2013,2013-06-11,2039,6,2,20,2,N,A,N,A,H,A,L,04,S,03,C,,Y,,,G,N,N,D,1,0,1,0,22350.0,2,39.7545493,-121.6077013,3
2013,2013-06-07,1722,6,2,17,5,N,A,N,A,H,A,A,01,N,10,A,Y,,,,B,N,M,D,1,1,0,0,21952.0,2,39.7658663,-121.6165162,4
2013,2013-06-06,805,6,2,8,4,N,A,N,A,H,A,A,01,S,05,A,,,Y,,C,Y,N,D,2,0,0,1,21460.0,2,39.4498255,-121.5516871,4
2013,2013-06-08,1150,6,2,11,6,N,A,Y,A,H,A,C,02,W,08,E,,,Y,,I,Y,N,D,2,0,0,2,22107.0,1,39.5040912,-121.5238139,3
2013,2013-06-12,1241,6,2,12,3,Y,A,N,A,H,A,A,01,,01,C,,,,,C,Y,M,A,1,0,0,0,23152.0,2,39.7147751,-121.8053133,4
2013,2013-06-01,105,6,2,1,6,N,A,N,A,H,D,N,60,N,11,G,Y,,,,B,N,N,D,1,1,0,0,21954.0,2,39.8130447,-121.8912034,2
2013,2013-05-20,1203,5,1,12,1,Y,A,N,A,D,A,-,- ,,- ,D,,Y,,,G,N,N,A,1,0,1,0,,2,39.7309551,-121.8394433,3
2013,2013-06-08,1230,6,2,12,6,N,A,N,A,H,A,A,01,S,08,E,,,,,I,Y,N,D,1,0,0,0,22107.0,1,39.8911869,-121.5743393,3
2013,2013-06-05,1750,6,2,17,3,N,A,N,A,H,A,A,01,E,01,E,,,,,I,Y,N,D,2,0,0,0,23152.0,1,39.8405396,-121.92874789,2
2013,2013-05-15,1653,5,1,16,3,Y,A,N,A,H,A,A,01,,09,D,,,,,C,N,N,A,1,0,0,0,21800.0,2,39.7559051,-121.5890433,4
2013,2013-06-22,1855,6,2,18,6,N,A,N,A,H,A,D,22,S,01,E,,,,,I,Y,N,D,3,0,0,0,23152.0,1,39.68539911,-121.31676167,2
2013,2013-06-15,1605,6,2,16,6,Y,A,Y,A,H,A,D,22,,09,A,,,,,C,Y,N,A,2,0,0,0,21801.0,2,39.4147638,-121.6881145,2
2013,2013-06-14,1230,6,2,12,5,N,A,N,A,H,A,A,01,S,01,E,,,,,I,Y,N,D,1,0,0,0,23152.0,1,39.42272,-121.4638319,4
2013,2013-06-23,1440,6,2,14,7,N,A,Y,A,H,A,C,02,W,03,E,,,Y,,I,N,N,D,1,0,0,1,22350.0,1,,,4
2013,2013-06-24,1115,6,2,11,1,N,B,N,B,H,A,A,01,W,03,E,,,,,I,Y,N,D,1,0,0,0,22350.0,1,39.5056485,-121.3606957,4
2013,2013-06-11,1045,6,2,10,2,N,A,N,A,H,A,A,01,N,05,E,,,,,I,Y,N,D,2,0,0,0,21650.0,1,39.49346663,-121.36998206,4
2013,2013-06-02,1250,6,2,12,7,N,A,N,A,H,A,A,07,W,05,F,,,,,A,Y,N,D,3,0,0,0,21650.0,1,39.4128188,-121.3809736,3
2013,2013-06-14,1908,6,2,19,5,N,A,N,A,H,A,L,04,E,09,D,,Y,,,G,Y,N,A,1,0,1,0,21804.0,2,,,2
2013,2013-05-10,2145,5,1,21,5,N,A,N,A,H,A,D,22,W,01,E,,,,,I,Y,N,D,1,0,0,0,23152.0,1,39.4939372,-121.737354,4
2013,2013-06-24,2135,6,2,21,1,N,B,N,B,H,A,D,22,E,08,E,,,,,I,N,N,D,2,0,0,0,22107.0,1,39.350702,-121.5539426,3
2013,2013-06-14,1616,6,2,16,5,Y,A,N,A,H,A,-,- ,,00,B,,,,,C,Y,N,D,1,0,0,0,,2,39.755125,-121.8597633,2
2013,2013-06-08,926,6,2,9,6,N,A,N,A,H,A,A,01,W,08,F,,,,,A,Y,N,D,1,0,0,0,22107.0,1,39.71364503,-121.71262622,3
2013,2013-06-24,1905,6,2,19,1,N,B,N,B,H,A,A,01,N,01,D,,,,,C,Y,N,D,4,0,0,0,23153.0,2,39.7058918,-121.609494,3
2013,2013-06-11,1705,6,2,17,2,N,A,Y,A,H,A,D,22,S,08,F,,,,,A,Y,N,D,1,0,0,0,22107.0,1,39.5744157,-121.6161265,3
2013,2013-06-19,1603,6,2,16,3,Y,A,N,A,H,A,A,01,,01,A,,,,,C,Y,N,A,1,0,0,0,23152.0,2,39.7522551,-121.6077732,3
2013,2013-06-22,1120,6,2,11,6,Y,A,N,A,H,A,D,22,,03,C,,,,,C,N,N,D,1,0,0,0,22350.0,2,39.7570651,-121.6255533,4
2013,2013-06-06,1300,6,2,13,4,Y,A,N,A,H,A,A,01,,01,A,,,,,I,Y,N,D,1,0,0,0,23152.0,1,39.77242557,-121.84652746,3