ACCIDENT_YEAR,COLLISION_DATE,COLLISION_TIME,MONTH,SEASON,24HOURS,DAY_OF_WEEK,INTERSECTION,WEATHER_1,STATE_HWY_IND,ROAD_SURFACE,ROAD_COND_1,LIGHTING,STWD_VEHTYPE_AT_FAULT,CHP_VEHTYPE_AT_FAULT,DIRECTION,PCF_VIOL_CATEGORY,TYPE_OF_COLLISION,PEDESTRIAN_ACCIDENT,BICYCLE_ACCIDENT,MOTORCYCLE_ACCIDENT,TRUCK_ACCIDENT,MVIW,TOW_AWAY,HIT_AND_RUN,CONTROL_DEVICE,NUMBER_INJURED,COUNT_PED_INJURED,COUNT_BICYCLIST_INJURED,COUNT_MC_INJURED,PCF_VIOLATION,PARTY_COUNT,POINT_Y,POINT_X,COLLISION_SEVERITY
2016,2016-09-12,1540,9,3,15,1,Y,A,N,A,H,A,-,,,05,-,,,,,C,Y,N,A,1,0,0,0,21650.0,2,39.76088999,-121.84346988,4
2016,2016-08-27,15,8,2,0,6,N,A,Y,A,H,D,-,,N,00,G,Y,,,,B,N,F,D,1,1,0,0,20001.0,2,39.73220508,-121.86178644,2
2016,2016-11-05,1745,11,3,17,6,N,B,N,A,H,B,-,,,09,A,,,,,C,Y,N,D,2,0,0,0,21801.0,2,39.75104989,-121.79434997,4
2016,2016-10-26,1208,10,3,12,3,Y,A,N,A,H,A,D,22,,09,D,,,,,C,Y,N,A,1,0,0,0,21801.0,2,39.75524995,-121.85988993,2
2016,2016-10-24,39,10,3,0,1,Y,B,N,B,H,C,A,01,,01,C,,,,,C,Y,N,A,1,0,0,0,23152.0,2,39.7296502,-121.8564072,3
2016,2016-11-01,1237,11,3,12,2,Y,A,N,A,H,A,A,01,,04,C,,,,,C,Y,N,A,1,0,0,0,21703.0,2,39.73134985,-121.86012626,3
2016,2016-09-14,1308,9,3,13,3,N,A,N,A,H,A,D,22,N,03,C,,,Y,,C,Y,N,D,1,0,0,1,22350.0,3,39.76691903,-121.57590866,4
2016,2016-09-07,1634,9,3,16,3,N,A,N,A,H,A,A,71,N,05,B,,,,,C,N,N,D,1,0,0,0,21460.0,2,39.77956095,-121.5796,4
2016,2016-10-14,1549,10,3,15,5,N,A,N,A,H,A,L,04,S,05,D,,Y,,,G,N,N,D,1,0,1,0,21650.0,2,39.75875799,-121.62443135,4
2016,2016-10-08,1507,10,3,15,6,Y,A,N,A,H,A,A,01,,03,C,,,,,C,Y,N,D,1,0,0,0,22350.0,3,39.79045948,-121.58561289,4
2016,2016-09-26,412,9,3,4,1,N,A,N,A,H,A,A,07,N,08,E,,,,,I,Y,N,D,1,0,0,0,22107.0,1,39.79339837,-121.58779621,4
2016,2016-09-15,947,9,3,9,4,Y,A,N,A,G,A,L,04,,12,D,,Y,,,G,N,N,A,1,0,1,0,22450.0,2,39.77040525,-121.60960257,4
2016,2016-09-25,146,9,3,1,7,N,A,N,A,H,D,A,01,N,01,E,,,,,J,Y,N,D,1,0,0,0,23152.0,1,39.7417107,-121.65394581,3
2016,2016-09-28,1303,9,3,13,3,Y,A,N,A,H,A,-,- ,,18,H,,Y,,,A,N,N,A,1,0,1,0,,1,39.75951991,-121.61242996,4
2016,2016-10-31,1235,10,3,12,1,Y,-,N,-,-,-,A,07,,09,-,,,,,-,Y,N,-,2,0,0,0,21802.0,2,39.75840993,-121.81982995,3
2016,2016-11-22,1728,11,3,17,2,N,A,N,A,H,B,N,60,W,11,G,Y,,,,B,N,N,D,0,0,0,0,21954.0,2,39.49805,-121.59164671,1
2016,2016-12-29,1737,12,4,17,4,N,A,Y,A,H,D,-,- ,S,00,G,Y,,,,B,N,F,D,0,0,0,0,,2,39.35436067,-121.68790612,1
2018,2018-01-12,1908,1,4,19,5,N,A,N,A,H,D,L,04,W,05,H,,Y,,,G,Y,N,D,0,0,0,0,21202.0,3,39.7595100402832,-121.62192535400392,1
2017,2017-01-28,218,1,4,2,6,N,A,Y,A,H,D,-,,W,17,C,Y,,,,G,N,F,A,0,0,0,0,21658.0,2,,,1
2017,2017-09-24,1800,9,3,18,7,N,A,N,A,H,A,C,02,N,03,E,,,Y,,I,Y,N,D,0,0,0,0,22350.0,1,39.75031269,-121.86712076,1
2018,2018-03-22,1647,3,1,16,4,N,A,N,B,H,A,C,02,W,05,E,,,Y,,I,Y,N,D,0,0,0,0,21650.0,1,39.77751159667969,-121.62471771240234,1
2019,2019-08-25,1828,8,2,18,7,Y,A,Y,A,H,A,A,01,,12,D,,,,,D,Y,N,A,2,0,0,0,21453.0,2,39.729278564453125,-121.8311004638672,4
2019,2019-08-29,1015,8,2,10,4,Y,A,Y,A,H,A,-,,,08,D,,,,,C,Y,N,D,3,0,0,0,22107.0,2,39.73460006713867,-121.82135772705078,3
2016,2016-11-16,1711,11,3,17,3,Y,A,N,A,H,B,-,,,09,B,,,,,C,Y,F,D,1,0,0,0,21801.0,2,39.72224997,-121.82216995,4
2016,2016-11-14,1724,11,3,17,1,N,A,N,A,H,C,N,60,N,11,G,Y,,,,B,N,N,A,1,1,0,0,21953.0,2,39.77455565,-121.86409917,3
2016,2016-10-28,1359,10,3,13,5,N,C,Y,B,H,B,A,01,N,03,C,,,,,C,N,F,A,2,0,0,0,22350.0,4,39.75424236,-121.84548712,4
2016,2016-11-06,1820,11,3,18,7,Y,A,N,A,H,C,D,22,,12,D,,,,,C,Y,N,A,1,0,0,0,21453.0,2,39.725325,-121.8352185,4
2016,2016-11-04,1547,11,3,15,5,Y,A,N,A,H,A,-,,,09,H,,,,,A,Y,N,A,1,0,0,0,21801.0,2,39.73079992,-121.84975992,4
2016,2016-11-09,2037,11,3,20,3,Y,A,N,A,H,C,-,,,09,D,,,,,C,Y,N,A,1,0,0,0,21801.0,2,39.74332989,-121.83933992,4
2016,2016-07-29,1740,7,2,17,5,Y,A,N,A,H,A,A,01,,03,E,,,,,I,Y,N,D,1,0,0,0,22350.0,2,39.50378816,-121.55250274,3
2016,2016-07-13,1830,7,2,18,3,Y,A,N,A,H,A,-,,,03,G,Y,,,,B,N,F,D,1,1,0,0,22350.0,2,39.50890809,-121.57073736,3
2016,2016-08-12,1807,8,2,18,5,N,A,N,A,-,A,A,01,S,03,C,,,,,C,N,N,D,3,0,0,0,22350.0,2,39.5042084,-121.57047327,4
2016,2016-08-12,2057,8,2,20,5,N,A,N,A,H,C,-,,E,21,C,Y,,,,C,N,M,D,1,1,0,0,22106.0,4,39.50000582,-121.56446453,4
2016,2016-07-10,1157,7,2,11,7,N,A,N,A,H,A,-,- ,W,00,H,,,,,C,Y,M,D,1,0,0,0,23103.0,3,39.50085403,-121.56197966,4
2016,2016-08-04,1510,8,2,15,4,Y,A,N,A,H,A,L,04,,09,D,,Y,,,G,N,N,A,1,0,1,0,21800.0,2,39.51126993,-121.5577999,3
2016,2016-08-04,910,8,2,9,4,-,A,N,A,H,A,L,04,,12,D,,Y,,,G,N,N,A,1,0,1,0,22450.0,2,39.5055142,-121.55045986,4
2016,2016-08-03,1713,8,2,17,3,N,A,Y,A,H,A,A,01,W,09,A,,,Y,,C,Y,N,D,1,0,0,1,21801.0,2,39.50436407,-121.5507899,2
2016,2016-06-26,1814,6,2,18,7,Y,A,N,A,H,A,A,01,,09,B,,,,,C,N,N,D,1,0,0,0,21801.0,2,39.50627997,-121.56468997,4
2016,2016-07-18,1515,7,2,15,1,Y,A,N,A,H,A,A,01,,03,C,,,,,D,N,N,D,1,0,0,0,22350.0,2,,,4
2016,2016-07-05,1511,7,2,15,2,Y,A,N,A,H,A,A,01,,03,C,,,,,C,N,N,A,1,0,0,0,22350.0,3,39.49974421,-121.5652281,4
2016,2016-11-17,1747,11,3,17,4,N,A,N,A,H,B,D,22,N,03,C,,,,,C,N,N,D,1,0,0,0,22350.0,3,39.72685703,-121.85265899,4
2016,2016-09-23,1919,9,3,19,5,N,A,N,A,H,C,A,01,N,09,D,,,,,C,N,M,D,1,0,0,0,21804.0,2,39.50539242,-121.54777364,4
2016,2016-07-22,1859,7,2,18,5,N,A,N,A,-,A,D,22,N,12,B,,,,,C,N,N,D,1,0,0,0,22450.0,2,39.49559278,-121.54866563,4
2016,2016-09-11,1331,9,3,13,7,N,A,Y,A,H,A,A,01,W,09,D,,,,,C,Y,M,D,1,0,0,0,21801.0,2,39.49798055,-121.58195793,4
2016,2016-11-21,130,11,3,1,1,N,B,N,B,H,D,A,01,W,01,E,,,,,I,Y,M,D,1,0,0,0,23152.0,1,,,3
2016,2016-11-10,1511,11,3,15,4,-,A,N,A,H,A,L,04,,05,D,,Y,,,G,N,N,D,1,0,1,0,21650.0,2,39.76116255,-121.81960344,4
2016,2016-11-12,742,11,3,7,6,Y,B,N,B,H,A,A,01,,12,D,,,,,C,Y,N,A,1,0,0,0,21453.0,2,39.73106996,-121.84120985,4
2016,2016-11-07,1635,11,3,16,1,Y,A,Y,A,H,A,-,,,09,D,,,,,C,Y,N,A,1,0,0,0,21802.0,2,39.72499656,-121.83750947,4
2016,2016-11-10,1812,11,3,18,4,Y,A,N,A,H,D,A,01,,09,D,,,,,C,Y,N,A,2,0,0,0,21801.0,2,39.75280994,-121.62573994,4
2016,2016-10-30,1208,10,3,12,7,N,C,N,B,H,A,A,01,N,09,A,,,,,C,N,N,D,1,0,0,0,21804.0,2,39.79816317,-121.58497615,3
2016,2016-11-18,2105,11,3,21,5,Y,A,N,A,H,C,-,- ,,09,D,,,,,C,Y,N,A,1,0,0,0,21801.0,2,39.7348099,-121.80206999,4
2016,2016-10-25,1037,10,3,10,2,Y,C,N,B,H,A,N,60,,00,G,Y,,,,B,N,N,A,1,1,0,0,21456.0,2,39.74314996,-121.83433999,3
2016,2016-11-24,1037,11,3,10,4,N,A,N,A,H,A,A,01,E,05,-,Y,,,,B,N,N,D,1,1,0,0,21650.0,2,39.71605731,-121.84317756,2
2016,2016-11-27,2114,11,3,21,7,Y,C,N,B,H,C,-,,,05,A,,,,,C,Y,N,A,1,0,0,0,21650.0,2,39.71929999,-121.84424992,4
2016,2016-12-02,1740,12,4,17,5,Y,A,N,A,H,C,A,01,,09,D,,,,,C,Y,N,A,2,0,0,0,21801.0,2,39.7147799,-121.8052699,3
2016,2016-12-03,2140,12,4,21,6,Y,A,N,A,H,C,A,01,,03,C,,,,,C,Y,N,A,1,0,0,0,22350.0,3,39.75926991,-121.85711988,4
2016,2016-12-16,1709,12,4,17,5,Y,-,N,-,-,-,A,01,,00,-,,,,,-,Y,N,-,1,0,0,0,22802.0,2,39.72738994,-121.82890994,3
2016,2016-12-10,1717,12,4,17,6,N,B,N,B,H,C,N,60,S,11,G,Y,,,,B,Y,N,D,0,0,0,0,21955.0,2,39.74294148,-121.83905938,1
2016,2016-11-29,1731,11,3,17,2,N,A,N,A,H,C,A,07,N,09,D,,,,,C,Y,N,D,4,0,0,0,21801.0,2,39.75838842,-121.62467773,2
2016,2016-12-05,653,12,4,6,1,Y,A,Y,A,H,B,A,01,,08,A,,,,,C,Y,N,D,2,0,0,0,22107.0,2,39.34880613,-121.6878343,4
2016,2016-12-05,1812,12,4,18,1,N,A,N,A,H,D,L,04,S,14,C,,Y,,,G,N,N,D,1,0,1,0,21201.0,2,39.75382369,-121.84318292,4
2016,2016-12-08,1829,12,4,18,4,Y,C,N,B,H,C,N,60,,11,G,Y,,,,B,N,N,D,1,1,0,0,21950.0,2,39.75957996,-121.84938987,4
2016,2016-12-02,2202,12,4,22,5,N,A,N,A,H,C,A,01,S,00,B,,Y,,,G,N,F,D,1,0,1,0,21760.0,2,39.73103631,-121.85942352,3
2016,2016-12-11,2021,12,4,20,7,N,A,N,A,H,C,-,,S,17,D,,,,,C,Y,N,A,2,0,0,0,21451.0,2,39.74536955,-121.84077383,4
2016,2016-11-21,0,11,3,0,1,Y,A,N,A,H,A,-,,,09,D,,,,,C,N,N,D,1,0,0,0,21804.0,2,39.36321998,-121.68606994,4
2016,2016-11-30,1059,11,3,10,3,N,B,N,A,H,A,A,01,S,08,B,,,,,C,Y,N,D,2,0,0,0,22107.0,2,39.75688347,-121.84414234,4
2016,2016-11-30,1501,11,3,15,3,N,B,N,A,H,A,A,07,N,05,A,,,,,I,Y,N,D,1,0,0,0,21650.0,1,,,4
2016,2016-12-13,1911,12,4,19,2,Y,C,N,B,H,C,L,04,,09,B,,Y,,,G,N,N,A,1,0,1,0,21802.0,2,39.74204996,-121.84866993,4
2016,2016-12-07,1709,12,4,17,3,Y,C,N,B,-,C,L,04,,09,D,,Y,,,G,Y,N,A,1,0,1,0,21802.0,2,39.73184992,-121.85641996,3
2016,2016-11-28,1705,11,3,17,1,N,A,N,A,H,B,A,01,S,09,D,,,,,C,N,N,D,1,0,0,0,21804.0,2,39.76798765,-121.60007825,4
2016,2016-11-28,1401,11,3,14,1,N,B,N,B,H,A,A,01,N,03,C,,,,,C,N,N,A,1,0,0,0,22350.0,2,39.79744552,-121.58545915,3
2016,2016-11-28,0,11,3,0,1,N,B,N,A,H,B,A,01,N,09,D,,,,,C,Y,N,D,1,0,0,0,21801.0,2,39.76588078,-121.616494,4
2016,2016-12-02,907,12,4,9,5,N,A,N,A,H,A,A,08,S,03,C,,,,,C,Y,N,D,1,0,0,0,22350.0,2,39.78452619,-121.58657168,4
2016,2016-12-02,1649,12,4,16,5,N,A,N,A,H,B,A,01,N,09,B,,,Y,,C,Y,N,A,1,0,0,1,21801.0,2,39.75400466,-121.62853094,3
2016,2016-09-18,251,9,3,2,7,N,A,N,A,H,D,A,01,S,08,E,,,,,I,N,N,D,1,0,0,0,22107.0,1,39.80010173,-121.58217417,3
2016,2016-12-02,1724,12,4,17,5,N,A,Y,A,H,C,A,01,S,03,C,,,,,C,Y,N,A,2,0,0,0,22350.0,3,39.72808539,-121.85425982,4
2016,2016-12-18,1850,12,4,18,7,N,A,N,A,H,C,D,22,W,10,G,Y,,,,B,N,N,A,1,1,0,0,21950.0,2,39.73104771,-121.84124143,4
2016,2016-12-16,810,12,4,8,5,N,A,N,A,H,A,A,01,S,03,C,,,,,C,N,N,A,2,0,0,0,22350.0,2,39.75576967,-121.84454358,4
2016,2016-11-15,2021,11,3,20,2,N,A,N,B,H,D,N,60,S,11,G,Y,,,,B,N,N,D,1,1,0,0,21954.0,2,39.74518223,-121.63861511,2
2016,2016-10-07,1621,10,3,16,5,N,A,N,A,-,A,A,01,E,09,B,,,,,C,Y,N,D,2,0,0,0,21453.0,3,39.50141648,-121.56030893,4
2016,2016-12-08,1220,12,4,12,4,Y,C,N,B,H,A,-,,,09,H,,,,,A,N,N,A,1,0,0,0,21802.0,2,39.71493995,-121.79212991,4
2016,2016-12-02,1521,12,4,15,5,Y,A,N,A,A,A,A,01,,12,D,,,,,C,Y,N,A,2,0,0,0,21453.0,2,39.72690995,-121.83646994,3
2016,2016-12-02,852,12,4,8,5,Y,A,N,A,H,B,A,01,,12,D,,,,,C,Y,N,A,1,0,0,0,21453.0,2,39.71807994,-121.79533989,4
2016,2016-12-01,1059,12,4,10,4,Y,A,N,A,H,A,L,04,,05,D,,Y,,,G,N,N,A,1,0,1,0,21650.0,2,39.7296399,-121.83956985,3
2016,2016-12-06,1148,12,4,11,2,N,A,N,A,H,A,A,08,E,03,C,,,,,C,Y,N,D,4,0,0,0,22350.0,4,39.75443906,-121.84839357,3
2016,2016-10-06,1003,10,3,10,4,Y,A,N,A,H,A,F,26,,05,A,,,,Y,C,Y,N,A,2,0,0,0,21650.0,2,39.52195996,-121.55538992,3
2016,2016-10-14,1559,10,3,15,5,N,A,N,A,H,A,D,22,N,05,E,,,,,J,N,N,D,1,0,0,0,21650.0,1,39.49752874,-121.52093803,4
2016,2016-10-07,1742,10,3,17,5,N,A,N,A,H,A,A,01,E,09,D,,,,,C,N,N,D,1,0,0,0,21802.0,2,39.51161212,-121.55674346,4
2016,2016-10-10,1704,10,3,17,1,N,A,N,A,H,A,N,60,W,00,G,Y,,,,B,N,N,D,1,1,0,0,21954.0,2,39.51149871,-121.55417149,3
2016,2016-12-03,1409,12,4,14,6,N,A,N,A,H,A,D,22,W,09,C,,,,,C,Y,N,-,1,0,0,0,21802.0,2,39.75130995,-121.85031646,4
2016,2016-10-10,643,10,3,6,1,N,A,N,A,D,B,D,22,E,05,E,,,,,J,Y,N,D,1,0,0,0,21650.0,1,39.50150548,-121.53132498,3
2016,2016-09-17,2317,9,3,23,6,N,A,N,A,H,C,D,22,W,05,E,,,,,I,Y,N,D,1,0,0,0,21650.0,1,39.51698278,-121.52451964,4
2016,2016-12-18,1501,12,4,15,7,Y,A,N,A,H,A,L,04,,12,D,,Y,,,G,N,N,A,1,0,1,0,21453.0,2,39.76101995,-121.82930999,3
2016,2016-12-18,1757,12,4,17,7,N,-,N,A,H,D,-,,W,03,C,,,,,C,Y,N,A,1,0,0,0,22350.0,3,39.7589892,-121.85759425,4
2016,2016-12-21,641,12,4,6,3,N,A,N,A,H,C,A,01,S,01,B,,,,,E,Y,M,D,1,0,0,0,23152.0,2,39.73121283,-121.8315356,4
2016,2016-12-19,1748,12,4,17,1,N,A,N,B,H,C,-,,W,01,A,,,,,C,N,N,D,1,0,0,0,23152.0,3,39.75473572,-121.86037241,4
2016,2016-12-13,1335,12,4,13,2,Y,B,Y,B,H,A,-,,,08,B,,,,,C,Y,N,D,1,0,0,0,22100.0,2,39.73075593,-121.82891537,4
2016,2016-12-15,1236,12,4,12,4,Y,C,N,B,H,A,A,01,,03,-,,,,,C,Y,N,A,1,0,0,0,22350.0,2,39.73342996,-121.85274994,4
2016,2016-12-16,1545,12,4,15,5,Y,A,N,B,H,A,A,01,,12,D,,,,,D,N,N,A,1,0,0,0,22450.0,2,39.71882998,-121.82664987,4
2016,2016-10-12,1740,10,3,17,3,N,A,N,A,H,A,-,,N,09,D,,,,,C,Y,N,D,1,0,0,0,21802.0,2,39.50941036,-121.56636064,4
2016,2016-10-09,1036,10,3,10,7,N,A,N,A,H,A,A,01,W,09,B,,,,,C,Y,N,A,3,0,0,0,21802.0,2,39.51240416,-121.55728827,4
2016,2016-10-13,1213,10,3,12,4,N,A,N,A,H,A,-,,E,03,F,,,,,A,Y,N,D,1,0,0,0,22350.0,1,39.50782945,-121.5487244,3
2017,2017-02-15,1016,2,4,10,3,Y,B,N,A,H,A,D,22,,12,D,,,,,C,Y,N,A,2,0,0,0,21453.0,2,39.76100996,-121.86564995,4
2017,2017-02-09,1037,2,4,10,4,Y,C,N,B,H,A,D,22,,10,G,Y,,,,B,N,N,A,1,1,0,0,21950.0,2,39.73033996,-121.84035988,2
2016,2016-12-27,1831,12,4,18,2,Y,A,Y,A,H,C,D,22,,03,C,,,,,C,N,N,A,1,0,0,0,22350.0,2,39.4990766,-121.56724847,4
2016,2016-08-25,1525,8,2,15,4,N,A,N,A,H,A,A,01,N,10,G,Y,,,,B,N,N,D,1,1,0,0,21950.0,2,39.51609886,-121.54965252,3
2016,2016-10-12,1220,10,3,12,3,N,A,N,A,H,A,-,- ,W,- ,B,,,,,C,N,N,D,1,0,0,0,,2,39.49945728,-121.56612755,4
2016,2016-10-01,1943,10,3,19,6,Y,A,N,A,H,C,N,60,,11,G,Y,,,,B,N,N,D,1,1,0,0,21950.0,2,39.50950999,-121.56901992,3
2016,2016-09-07,1552,9,3,15,3,Y,A,Y,A,H,A,L,04,,12,A,,Y,,,G,N,N,A,1,0,1,0,22450.0,2,39.49803999,-121.58692103,3
2016,2016-09-17,1222,9,3,12,6,N,A,Y,A,H,A,A,07,S,09,H,,Y,,,G,N,N,D,1,0,1,0,21804.0,2,39.50498742,-121.54896585,3
2016,2016-07-21,2212,7,2,22,4,N,A,N,A,H,C,O,05,W,03,H,,,Y,,I,N,N,D,1,0,0,1,22350.0,1,39.5168575,-121.54074376,3
2016,2016-09-24,1915,9,3,19,6,N,A,N,A,H,D,A,07,S,05,F,,,,,I,Y,N,D,1,0,0,0,21650.0,1,39.45662562,-121.55715226,4
2017,2017-01-02,2033,1,4,20,1,N,G,N,A,H,C,M,91,S,22,C,,,,Y,E,Y,N,D,1,0,0,0,,2,39.75340048,-121.81423646,2
2016,2016-12-30,1808,12,4,18,5,Y,A,Y,A,H,C,-,,,01,A,,,,,I,Y,M,D,1,0,0,0,23152.0,1,39.72504317,-121.85063991,3
2016,2016-12-22,1150,12,4,11,4,N,-,N,-,-,-,A,01,W,09,-,,,,,-,N,N,-,2,0,0,0,21804.0,2,39.75861146,-121.85823221,4
2017,2017-01-05,2153,1,4,21,4,N,A,N,A,H,C,-,- ,S,08,A,,,,,C,Y,N,D,2,0,0,0,22107.0,2,39.74919251,-121.82506457,3
2017,2017-01-08,2023,1,4,20,7,Y,B,Y,B,H,C,L,04,,05,D,,Y,,,G,N,F,A,1,0,1,0,21202.0,2,39.72832787,-121.81079913,3
2017,2017-01-06,1153,1,4,11,5,N,A,N,A,H,A,D,22,E,09,D,,,,,C,N,N,D,2,0,0,0,21804.0,2,39.72578488,-121.83313532,4
2017,2017-01-10,1613,1,4,16,2,Y,B,N,B,H,B,-,,,09,D,,,,,C,Y,N,D,2,0,0,0,21800.0,2,39.73853996,-121.84398993,4
2016,2016-12-16,1307,12,4,13,5,Y,A,N,A,H,A,A,01,,09,D,,,,,C,Y,N,A,1,0,0,0,21803.0,2,39.72502992,-121.83927,3
2016,2016-12-30,1522,12,4,15,5,Y,A,N,A,H,A,A,08,,09,D,,,,,C,N,N,A,1,0,0,0,21801.0,2,39.74541988,-121.84080994,4
2016,2016-12-30,1337,12,4,13,5,N,A,N,A,H,A,A,01,W,03,C,,,,,C,Y,N,A,1,0,0,0,22350.0,2,39.75822536,-121.85888429,4
2016,2016-11-26,1723,11,3,17,6,Y,C,N,B,H,C,A,07,,08,B,,,,,C,Y,N,A,1,0,0,0,22107.0,2,39.49804,-121.57183988,4
2016,2016-10-26,752,10,3,7,3,N,A,Y,A,H,A,D,72,E,03,C,,,,,C,Y,N,A,3,0,0,0,22350.0,3,39.50155887,-121.55979627,3
2016,2016-11-30,1514,11,3,15,3,N,A,N,A,H,A,A,01,N,03,C,,,,,C,N,N,D,2,0,0,0,22350.0,3,,,3
2016,2016-11-28,1256,11,3,12,1,Y,A,N,A,H,A,D,22,,10,G,Y,,,,B,N,N,A,1,1,0,0,21950.0,2,39.50387995,-121.55224991,3
2016,2016-11-16,516,11,3,5,3,N,A,N,A,H,C,-,,E,03,A,,,,,J,Y,N,D,1,0,0,0,22350.0,1,39.51787666,-121.53120057,4
2016,2016-11-19,1216,11,3,12,6,Y,C,N,B,H,A,A,01,,09,D,,,,,C,Y,N,A,1,0,0,0,21802.0,2,39.51195999,-121.55567998,4
2016,2016-11-02,1200,11,3,12,3,N,A,N,A,H,A,A,01,S,03,B,,,,,C,Y,N,D,1,0,0,0,22350.0,3,39.50241817,-121.53917313,4
2016,2016-11-08,1145,11,3,11,2,N,A,N,A,H,A,A,01,S,03,C,,,,,C,N,N,A,3,0,0,0,22350.0,2,,,4
2016,2016-12-14,806,12,4,8,3,N,C,N,B,H,A,D,22,W,03,C,,,,,C,N,N,D,1,0,0,0,22350.0,3,39.7595212,-121.60805946,4
2016,2016-12-24,1606,12,4,16,6,N,A,N,A,H,A,A,01,N,05,A,,,,,C,Y,N,D,2,0,0,0,21650.0,2,39.74666885,-121.60769,3
2016,2016-12-30,2142,12,4,21,5,N,C,N,B,H,D,L,04,E,05,H,,Y,,,G,N,N,D,1,0,1,0,21202.0,2,39.77039073,-121.60018897,3
2017,2017-01-03,1748,1,4,17,2,N,C,N,B,H,D,A,07,S,01,A,,,,,C,Y,F,D,2,0,0,0,23152.0,2,39.76665373,-121.61241588,4
2017,2017-01-13,1013,1,4,10,5,N,A,N,A,H,A,A,01,N,05,E,,,,,I,Y,N,D,1,0,0,0,21651.0,1,39.80129713,-121.5800322,3
2017,2017-01-09,1453,1,4,14,1,Y,C,N,B,H,A,A,07,,03,C,,,,,C,N,N,D,1,0,0,0,22350.0,2,39.75946997,-121.61781992,4
2017,2017-01-03,1715,1,4,17,2,N,B,N,B,H,C,N,60,W,11,G,Y,,,,B,N,N,D,1,1,0,0,21954.0,2,39.75313096,-121.86268108,3
2016,2016-12-16,1534,12,4,15,5,Y,-,Y,A,H,A,D,22,,12,D,,,,,C,N,N,A,1,0,0,0,21453.0,2,39.7292792,-121.83109851,4
2017,2017-01-16,1417,1,4,14,1,Y,A,N,A,H,A,A,01,,09,D,,,,,C,Y,N,A,1,0,0,0,21453.0,2,39.75061989,-121.8553699,4
2016,2016-12-07,1930,12,4,19,3,N,C,N,B,H,D,-,,W,03,C,,,,,C,Y,N,D,1,0,0,0,22350.0,2,39.51756348,-121.53667604,2
2016,2016-12-05,1723,12,4,17,1,Y,F,N,B,H,C,N,60,,11,G,Y,,,,B,N,N,D,1,1,0,0,21954.0,2,39.50386686,-121.55226767,2
2016,2016-12-22,1844,12,4,18,4,Y,F,N,A,-,C,A,01,,- ,B,,,,,C,Y,N,D,1,0,0,0,,3,39.49628988,-121.55079995,4
2016,2016-12-06,1445,12,4,14,2,N,A,N,A,H,A,-,,S,03,C,,,,,C,Y,N,A,1,0,0,0,22350.0,2,39.50583911,-121.54422373,4
2016,2016-12-08,1250,12,4,12,4,Y,C,Y,B,-,A,A,01,,03,C,,,,,C,N,N,D,1,0,0,0,22350.0,2,39.502865,-121.55542767,4
2016,2016-12-17,1910,12,4,19,6,N,A,N,A,H,C,A,07,N,09,D,,,,,C,Y,N,D,2,0,0,0,21802.0,2,39.49508744,-121.53054137,4
2017,2017-02-27,1639,2,4,16,1,N,A,N,A,H,A,A,07,N,03,C,,,,,C,N,N,D,1,0,0,0,22350.0,2,39.77115741,-121.57961,4
2017,2017-04-02,2235,4,1,22,7,N,A,N,A,H,D,-,,E,00,E,,,,,J,N,M,D,1,0,0,0,23512.0,2,,,4
2017,2017-01-16,1733,1,4,17,1,N,B,N,A,H,B,A,01,W,03,C,,,,,C,Y,N,A,1,0,0,0,22350.0,3,39.74639943,-121.83022094,4
2017,2017-01-22,1605,1,4,16,7,Y,A,N,A,H,A,A,01,,12,D,,,,,C,Y,N,A,2,0,0,0,22450.0,2,39.73990989,-121.84087,3
2017,2017-01-27,2117,1,4,21,5,Y,A,N,A,H,C,-,- ,,00,G,Y,,,,B,Y,N,D,1,1,0,0,,2,39.72714995,-121.84501994,2
2017,2017-01-30,1440,1,4,14,1,N,A,N,A,H,A,A,07,S,03,C,,,,,C,N,N,A,2,0,0,0,22350.0,3,39.70867333,-121.80911333,4
2017,2017-01-25,1110,1,4,11,3,Y,A,N,A,H,A,A,01,,09,D,,,,,C,Y,N,A,2,0,0,0,21801.0,2,39.74541988,-121.84080994,3
2017,2017-01-23,1247,1,4,12,1,Y,A,N,A,H,A,A,01,,10,G,Y,,,,B,N,N,A,1,1,0,0,21950.0,2,39.72972994,-121.8413,3
2017,2017-01-19,1254,1,4,12,4,N,B,N,A,H,A,A,07,N,21,H,,,,,J,N,N,D,1,0,0,0,22106.0,1,39.74862244,-121.78620017,4
2017,2017-01-23,1811,1,4,18,1,Y,A,N,A,H,C,N,60,,11,B,Y,,,,B,N,N,D,1,1,0,0,21954.0,2,39.75514803,-121.82921414,4
2017,2017-01-24,1822,1,4,18,2,Y,A,N,A,H,C,-,,,09,D,,,,,C,Y,N,A,2,0,0,0,21801.0,2,39.74541988,-121.84080994,3
2017,2017-01-28,1234,1,4,12,6,N,A,N,A,H,A,D,22,N,09,D,,,,,C,Y,N,D,3,0,0,0,21801.0,2,39.78555416,-121.58648729,3
2017,2017-01-12,1320,1,4,13,4,N,A,N,A,H,A,D,22,W,05,A,,,,,C,Y,N,D,2,0,0,0,21650.0,2,39.77774454,-121.5878055,3
2017,2017-01-08,1248,1,4,12,7,N,C,N,B,H,A,-,- ,S,22,H,Y,,,,B,N,F,D,1,1,0,0,,2,39.76159669,-121.64228009,4