ACCIDENT_YEAR,COLLISION_DATE,COLLISION_TIME,MONTH,SEASON,24HOURS,DAY_OF_WEEK,INTERSECTION,WEATHER_1,STATE_HWY_IND,ROAD_SURFACE,ROAD_COND_1,LIGHTING,STWD_VEHTYPE_AT_FAULT,CHP_VEHTYPE_AT_FAULT,DIRECTION,PCF_VIOL_CATEGORY,TYPE_OF_COLLISION,PEDESTRIAN_ACCIDENT,BICYCLE_ACCIDENT,MOTORCYCLE_ACCIDENT,TRUCK_ACCIDENT,MVIW,TOW_AWAY,HIT_AND_RUN,CONTROL_DEVICE,NUMBER_INJURED,COUNT_PED_INJURED,COUNT_BICYCLIST_INJURED,COUNT_MC_INJURED,PCF_VIOLATION,PARTY_COUNT,POINT_Y,POINT_X,COLLISION_SEVERITY
2017,2017-01-18,924,1,4,9,3,N,C,N,B,G,A,A,01,S,03,E,,,,,I,N,N,D,1,0,0,0,22350.0,1,39.78415161,-121.58667809,2
2017,2017-01-23,1425,1,4,14,1,N,C,N,B,H,A,A,01,W,03,C,,,,,C,Y,N,D,1,0,0,0,22350.0,2,39.74861819,-121.58604966,3
2017,2017-01-22,1050,1,4,10,7,N,C,N,B,H,A,A,01,S,09,B,,,,,C,N,N,D,1,0,0,0,21801.0,2,39.77460227,-121.61009861,4
2017,2017-01-24,739,1,4,7,2,N,A,N,C,H,A,A,07,N,03,A,,,,,C,Y,N,D,2,0,0,0,22350.0,2,39.79399603,-121.58723831,3
2017,2017-01-16,1440,1,4,14,1,N,A,N,A,H,A,A,01,N,09,D,,,,,C,Y,N,D,1,0,0,0,21804.0,2,39.77531294,-121.59290594,4
2017,2017-02-03,655,2,4,6,5,Y,C,N,B,H,B,-,- ,,10,G,Y,,,,B,N,N,A,1,1,0,0,21950.0,2,39.726198,-121.8356685,4
2017,2017-01-20,1248,1,4,12,5,N,C,Y,B,H,A,A,01,S,09,D,,,,,C,N,N,D,2,0,0,0,21804.0,2,39.75073351,-121.60774858,2
2017,2017-01-27,709,1,4,7,5,N,A,N,A,H,A,D,22,S,03,C,,,,,C,N,N,D,2,0,0,0,22350.0,2,39.75315988,-121.62929761,4
2016,2016-07-05,1851,7,2,18,2,Y,A,N,A,H,A,-,- ,,12,D,,,,,C,Y,N,A,3,0,0,0,21453.0,3,39.74964998,-121.84389,4
2017,2017-01-30,1505,1,4,15,1,Y,A,N,A,H,A,L,04,,01,D,,Y,,,G,N,N,A,1,0,1,0,21200.0,2,39.73956991,-121.83360997,4
2017,2017-02-06,2000,2,4,20,1,N,B,N,B,H,C,N,60,S,11,G,Y,,,,B,N,N,D,1,1,0,0,21955.0,2,39.7578113,-121.86247603,4
2017,2017-02-09,1506,2,4,15,4,N,B,N,B,H,A,L,04,N,09,C,,Y,,,G,N,N,D,1,0,1,0,21804.0,2,39.71603338,-121.84318554,3
2017,2017-02-01,1305,2,4,13,3,Y,B,N,A,H,A,A,01,,12,D,,,,,C,Y,N,A,1,0,0,0,21453.0,2,39.72690995,-121.83646994,3
2017,2017-02-04,1601,2,4,16,6,Y,A,N,A,H,A,A,07,,03,C,,,,,C,Y,N,A,2,0,0,0,22350.0,3,39.72782993,-121.84401994,4
2016,2016-02-10,1815,2,4,18,3,N,B,N,B,H,C,D,22,N,04,C,,,,,C,N,N,D,1,0,0,0,21703.0,2,39.7991661,-121.57993149,4
2016,2016-12-30,307,12,4,3,5,N,A,N,A,H,D,D,22,S,05,F,,,,,J,Y,N,D,1,0,0,0,21650.0,1,39.75413713,-121.57240897,4
2017,2017-01-26,1701,1,4,17,4,Y,F,N,A,H,A,L,04,,05,H,,Y,,,G,N,N,C,1,0,1,0,21650.0,2,39.76597064,-121.61623836,3
2017,2017-02-07,1711,2,4,17,2,Y,B,N,A,H,B,-,,,03,C,,,,,C,Y,N,A,2,0,0,0,22350.0,2,39.74416993,-121.83299986,4
2017,2017-02-16,1903,2,4,19,4,N,B,N,A,H,C,-,,,09,A,,,,,C,Y,N,A,1,0,0,0,21801.0,2,39.7348099,-121.80206999,4
2017,2017-02-09,1253,2,4,12,4,Y,C,N,B,H,-,A,07,,10,G,Y,,,,B,N,N,A,1,1,0,0,21950.0,2,39.72827995,-121.83802993,4
2017,2017-02-07,1432,2,4,14,2,Y,B,N,A,H,A,A,01,,09,D,,,Y,,C,Y,N,A,1,0,0,1,21802.0,3,39.7364399,-121.84882994,2
2017,2017-02-12,1149,2,4,11,7,N,A,N,A,H,A,L,04,W,17,D,,Y,,,G,N,N,D,1,0,1,0,21208.0,2,39.74376012,-121.8446864,4
2017,2017-02-02,1400,2,4,14,4,Y,C,N,B,H,A,A,01,,09,D,,,,,C,,N,D,1,0,0,0,21801.0,2,39.75302,-121.62941989,4
2017,2017-01-23,1117,1,4,11,1,N,B,Y,A,H,A,D,22,E,01,C,,,,,C,Y,N,A,1,0,0,0,23152.0,2,39.72411229,-121.84967882,3
2017,2017-02-18,1456,2,4,14,6,Y,B,Y,B,H,A,A,01,,03,H,,Y,,,G,N,N,D,1,0,1,0,22350.0,2,39.34880613,-121.6878343,3
2017,2017-02-17,2125,2,4,21,5,N,B,Y,B,H,C,A,01,,10,G,Y,,,,B,N,N,D,1,1,0,0,21952.0,2,39.73148974,-121.86036603,4
2017,2017-02-25,2334,2,4,23,6,N,A,N,A,H,D,-,- ,E,22,E,,,,,I,Y,N,A,1,0,0,0,,1,39.75310148,-121.86747996,3
2017,2017-02-06,1533,2,4,15,1,N,B,N,A,H,A,A,07,W,01,B,,,,,C,Y,N,A,1,0,0,0,23152.0,3,39.75101593,-121.87097152,4
2017,2017-02-26,1300,2,4,13,7,N,A,N,A,H,A,A,01,N,05,H,,,,,J,N,N,D,1,0,0,0,21650.0,1,39.74345375,-121.64088011,3
2017,2017-02-21,2156,2,4,21,2,Y,-,N,A,H,C,-,,,12,D,,,,,C,Y,N,-,2,0,0,0,21453.0,2,39.72827995,-121.83802993,4
2017,2017-02-24,706,2,4,7,5,N,A,N,A,H,A,A,01,N,09,D,,Y,,,G,N,N,A,1,0,1,0,21802.0,2,39.76609275,-121.82945,4
2017,2017-02-25,1836,2,4,18,6,Y,A,N,A,H,C,N,60,,11,G,Y,,,,B,N,N,A,1,1,0,0,21966.0,2,39.7147499,-121.80712996,4
2017,2017-03-05,1510,3,1,15,7,Y,A,N,A,H,A,I,11,,12,D,,,,,C,Y,N,A,9,0,0,0,21453.0,2,39.73782992,-121.84565987,3
2017,2017-03-08,1852,3,1,18,3,N,A,N,A,H,C,-,,E,01,B,,,,,E,N,M,D,1,0,0,0,23152.0,2,39.73096573,-121.83583574,3
2017,2017-02-03,1739,2,4,17,5,N,B,Y,B,H,B,D,22,N,05,D,,,,,C,Y,N,D,3,0,0,0,21650.0,2,39.73875961,-121.61198765,2
2017,2017-03-01,1221,3,1,12,3,Y,A,N,A,H,A,D,22,,09,D,,,,,C,N,N,A,1,0,0,0,21802.0,2,39.77045996,-121.58895998,4
2017,2017-02-08,1259,2,4,12,3,N,-,N,B,H,B,A,01,W,03,E,,,,,I,Y,N,D,2,0,0,0,22350.0,1,39.7562553,-121.79285655,3
2017,2017-03-10,2057,3,1,20,5,Y,A,Y,A,H,C,N,60,,00,G,Y,,,,B,Y,N,A,1,1,0,0,21453.0,2,39.72204315,-121.84729537,2
2017,2017-03-04,1351,3,1,13,6,Y,B,Y,B,H,A,A,01,,12,D,,,,,C,Y,N,A,1,0,0,0,21453.0,2,39.73806218,-121.82196776,3
2017,2017-03-11,1508,3,1,15,6,N,A,N,A,H,A,N,60,W,10,G,Y,,,,B,N,N,D,1,1,0,0,21950.0,2,39.73181002,-121.85651329,2
2017,2017-03-01,1338,3,1,13,3,N,A,N,A,H,A,A,01,E,07,A,,,,,I,Y,N,D,1,0,0,0,21658.0,1,39.77575135,-121.86134219,3
2017,2017-03-18,51,3,1,0,6,Y,A,N,A,H,D,-,,,12,D,,,,,C,Y,F,A,1,0,0,0,22450.0,2,39.7227499,-121.84975995,3
2017,2017-03-16,1816,3,1,18,4,N,A,N,A,-,A,A,01,W,21,B,Y,,,,B,N,N,D,1,1,0,0,22106.0,2,39.76088582,-121.84382931,4
2016,2016-12-08,0,12,4,0,4,N,B,N,B,H,A,A,01,N,03,H,,,,,I,Y,N,D,1,0,0,0,22350.0,1,39.52079532,-121.55396232,4
2016,2016-12-09,728,12,4,7,5,Y,B,N,B,H,A,A,07,,05,A,,,,,C,Y,N,A,2,0,0,0,21650.0,4,39.50138997,-121.56030998,4
2016,2016-12-23,950,12,4,9,5,N,C,N,B,H,A,A,01,E,00,D,,,,,C,Y,N,D,1,0,0,0,21904.0,2,39.49805,-121.59224725,4
2017,2017-02-13,1929,2,4,19,1,Y,A,N,A,H,D,A,01,,03,C,,,,,C,Y,N,D,2,0,0,0,22350.0,2,39.74863992,-121.58319995,4
2017,2017-03-08,0,3,1,0,3,N,A,N,A,H,B,A,01,S,09,B,,,,,C,Y,N,D,2,0,0,0,21802.0,2,39.75488641,-121.62762199,4
2017,2017-03-09,1523,3,1,15,4,N,A,N,A,H,A,A,01,N,09,D,,,,,C,Y,N,D,3,0,0,0,21801.0,3,39.75226217,-121.60776634,4
2017,2017-03-15,1135,3,1,11,3,Y,A,N,A,H,A,A,07,,09,A,,,,,C,N,N,A,3,0,0,0,21802.0,2,39.75165993,-121.63066992,3
2017,2017-02-14,800,2,4,8,2,Y,A,N,A,H,A,A,01,,09,A,,,,,C,N,N,A,1,0,0,0,21801.0,2,39.76493993,-121.60293999,4
2017,2017-03-06,1203,3,1,12,1,N,C,N,B,H,A,D,72,N,09,A,,,,,C,Y,N,D,1,0,0,0,21804.0,2,39.75356243,-121.60774616,4
2017,2017-03-25,1701,3,1,17,6,Y,A,N,A,H,A,D,22,,12,-,,,Y,,C,Y,N,A,1,0,0,1,21453.0,2,39.73782992,-121.84565987,4
2016,2016-11-29,1238,11,3,12,2,N,A,N,A,H,A,A,01,E,08,H,,,,,A,Y,M,D,1,0,0,0,22107.0,2,39.71338556,-121.7788906,4
2017,2017-03-03,1200,3,1,12,5,Y,A,N,A,H,A,A,01,,04,C,,,,,C,Y,N,A,1,0,0,0,21703.0,8,39.76101995,-121.82930999,4
2017,2017-03-14,1906,3,1,19,2,Y,A,N,A,H,A,A,01,,12,D,,,,,C,N,N,A,2,0,0,0,21453.0,2,39.72348997,-121.85056994,4
2017,2017-03-22,220,3,1,2,3,Y,B,Y,B,H,C,D,22,,12,D,,,,,C,Y,N,A,2,0,0,0,21453.0,2,39.73494181,-121.81733035,4
2017,2017-03-09,1018,3,1,10,4,Y,A,N,-,H,A,A,01,,10,B,Y,,,,B,N,N,A,1,1,0,0,21950.0,2,39.76091993,-121.84913995,4
2017,2017-03-28,1854,3,1,18,2,N,A,Y,A,H,A,-,,S,05,F,,,,,I,Y,M,D,1,0,0,0,21650.0,1,39.35895886,-121.68791781,3
2016,2016-12-08,701,12,4,7,4,Y,C,Y,B,H,A,A,01,,01,E,,,,,I,Y,N,D,1,0,0,0,23152.0,1,39.50107911,-121.53217756,4
2016,2016-12-13,750,12,4,7,2,N,A,Y,-,H,A,A,01,W,09,A,,,Y,,C,Y,N,D,1,0,0,1,21801.0,2,39.5065002,-121.54531047,2
2017,2017-03-15,1024,3,1,10,3,Y,B,N,A,H,A,A,01,,09,D,,,Y,,C,Y,N,A,1,0,0,1,21802.0,2,39.78309994,-121.84389986,4
2017,2017-02-02,747,2,4,7,4,N,B,N,B,H,A,A,01,N,08,D,,,,,C,Y,N,D,2,0,0,0,22107.0,2,39.70819396,-121.81969763,3
2017,2017-03-23,1112,3,1,11,4,N,A,N,A,H,A,L,04,E,05,D,,Y,,,G,N,N,-,1,0,1,0,21650.0,2,39.76089675,-121.84240986,3
2017,2017-01-13,250,1,4,2,5,Y,A,N,A,H,C,A,08,,12,D,,,,,C,Y,N,A,3,0,0,0,22450.0,2,39.51012989,-121.56424987,4
2017,2017-01-13,0,1,4,0,5,Y,A,N,A,H,A,-,,,01,D,,,,,C,Y,N,D,2,0,0,0,23153.0,4,39.50038167,-121.54712856,3
2017,2017-01-03,1150,1,4,11,2,N,C,N,B,H,A,A,01,E,03,C,,,,,C,N,N,A,1,0,0,0,22350.0,2,39.50188038,-121.55854903,4
2017,2017-05-05,1826,5,1,18,5,Y,A,N,A,H,A,A,01,,08,D,,,,,C,N,N,A,1,0,0,0,22107.0,2,39.71580991,-121.84325989,3
2017,2017-03-08,1607,3,1,16,3,Y,A,N,A,H,A,A,07,,09,A,,,,,C,Y,N,D,1,0,0,0,21804.0,2,39.36320285,-121.68693066,4
2017,2017-03-20,2019,3,1,20,1,N,C,Y,B,H,C,N,60,,11,G,Y,,,,B,N,N,D,1,1,0,0,21950.0,2,39.73491316,-121.81771907,3
2017,2017-04-07,36,4,1,0,5,Y,B,Y,B,H,C,-,,,10,G,Y,,,,B,N,N,A,2,2,0,0,21950.0,3,39.72621915,-121.83567437,3
2017,2017-04-06,2201,4,1,22,4,N,C,Y,B,H,C,N,60,N,11,G,Y,,,,B,N,N,D,1,1,0,0,21954.0,2,39.73268601,-121.86272901,4
2017,2017-03-20,1439,3,1,14,1,Y,C,Y,B,H,A,A,07,,09,D,,,,,C,Y,N,A,2,0,0,0,21802.0,2,39.73747997,-121.81807996,3
2017,2017-03-16,1331,3,1,13,4,N,B,Y,A,H,A,N,60,E,11,G,Y,,,,B,N,N,A,1,1,0,0,21453.0,2,39.72066066,-121.84225259,3
2017,2017-03-31,850,3,1,8,5,N,A,N,A,H,A,-,- ,,- ,G,Y,,,,B,N,N,D,1,1,0,0,,2,39.74382631,-121.58438981,4
2017,2017-03-29,34,3,1,0,3,N,A,N,A,H,D,D,22,N,00,E,,,,,I,Y,N,D,1,0,0,0,21352.0,1,39.78426468,-121.58664905,3
2017,2017-03-29,1819,3,1,18,3,N,B,N,A,H,A,A,01,S,09,H,,,,,C,N,N,A,2,0,0,0,21802.0,2,39.75164044,-121.63068956,4
2017,2017-03-21,1214,3,1,12,2,N,A,N,A,H,A,A,07,S,03,C,,,,,C,N,N,D,3,0,0,0,22350.0,2,39.78106523,-121.60298127,4
2017,2017-04-08,513,4,1,5,6,N,B,N,A,H,C,A,07,S,03,E,,,,,I,Y,N,D,1,0,0,0,22350.0,1,39.7397883,-121.8471911,3
2017,2017-02-23,1152,2,4,11,4,Y,A,N,A,H,A,A,01,,03,A,,,,,I,Y,N,D,1,0,0,0,22350.0,4,39.4890899,-121.52117988,4
2017,2017-04-11,714,4,1,7,2,Y,C,N,B,H,A,A,01,,05,A,,,,,I,Y,N,A,1,0,0,0,21650.0,1,39.72599998,-121.80935,3
2017,2017-03-28,2134,3,1,21,2,Y,A,N,A,H,C,-,,,03,D,,Y,,,G,N,N,A,1,0,1,0,22350.0,2,39.75671996,-121.86139996,4
2017,2017-03-31,1303,3,1,13,5,N,A,N,A,H,A,A,01,E,03,C,,,,,C,Y,N,D,2,0,0,0,22350.0,2,39.74444672,-121.8430727,3
2017,2017-04-09,542,4,1,5,7,N,A,N,A,H,D,A,01,E,08,A,,,,,E,N,N,D,1,0,0,0,22107.0,1,,,4
2017,2017-04-08,1053,4,1,10,6,N,C,N,B,H,A,-,,W,03,F,,,,,-,Y,N,A,1,0,0,0,22350.0,1,39.71808103,-121.79555334,3
2017,2017-03-30,1339,3,1,13,4,Y,A,N,A,H,A,D,22,,09,A,,,,,C,Y,N,A,2,0,0,0,21801.0,2,39.74332989,-121.83933992,3
2017,2017-01-25,830,1,4,8,3,N,A,N,A,H,A,A,08,N,09,A,,,,,C,Y,M,A,1,0,0,0,21801.0,4,39.52407,-121.57867,4
2017,2017-01-26,2306,1,4,23,4,Y,A,N,A,H,C,-,- ,,00,B,,Y,,,G,N,N,D,1,0,1,0,,2,39.49804996,-121.59158991,4
2017,2017-04-13,1208,4,1,12,4,Y,B,N,A,H,A,A,01,,09,D,,,,,C,Y,N,A,2,0,0,0,21802.0,2,39.73514108,-121.85188651,3
2017,2017-04-14,750,4,1,7,5,Y,A,Y,A,H,A,-,- ,,09,D,,,,,C,Y,N,D,1,0,0,0,21802.0,3,39.72182532,-121.8421868,4
2017,2017-03-16,1050,3,1,10,4,Y,B,N,A,H,A,A,01,,12,D,,,,,C,Y,N,A,2,0,0,0,21453.0,2,39.74964998,-121.84389,3
2017,2017-02-22,1846,2,4,18,3,N,A,N,A,H,C,-,99,,07,G,Y,,,,B,N,N,D,1,1,0,0,21658.0,2,39.49945032,-121.56609178,4
2017,2017-01-28,1040,1,4,10,6,N,A,N,A,-,A,D,72,E,03,C,,,,,C,Y,N,D,3,0,0,0,22350.0,3,,,4
2017,2017-02-07,800,2,4,8,2,Y,A,N,B,H,A,D,22,,03,A,,,,,C,Y,N,D,1,0,0,0,22350.0,3,39.50673933,-121.54572308,4
2017,2017-01-22,1230,1,4,12,7,N,A,N,A,H,A,D,72,S,09,B,,,Y,,C,Y,N,A,1,0,0,1,21804.0,2,39.49804,-121.57184,4
2017,2017-01-23,1200,1,4,12,1,N,A,N,A,H,A,A,01,E,03,C,,,,,C,Y,N,A,3,0,0,0,22350.0,2,39.5017513,-121.55910239,4
2017,2017-01-11,1515,1,4,15,3,N,A,N,A,H,A,-,,S,10,G,Y,,,,B,N,F,A,1,1,0,0,21950.0,2,39.51610507,-121.54965252,4
2017,2017-01-03,800,1,4,8,2,Y,B,N,B,H,A,A,01,,03,C,,,,,C,Y,N,A,1,0,0,0,22350.0,2,39.50387995,-121.55224991,4
2017,2017-02-01,1248,2,4,12,3,N,A,N,A,H,A,A,01,S,09,D,,,,,C,Y,N,D,1,0,0,0,21801.0,2,39.49791046,-121.56555265,4
2017,2017-05-04,2130,5,1,21,4,Y,A,Y,A,H,C,A,01,,12,D,,,,,C,Y,N,A,2,0,0,0,21453.0,2,39.73494181,-121.81733035,4
2017,2017-04-04,1627,4,1,16,2,N,A,N,A,H,A,A,07,N,03,C,,,,Y,C,Y,N,D,1,0,0,0,22350.0,3,39.75325492,-121.60775,4
2017,2017-03-24,1215,3,1,12,5,Y,C,N,B,H,B,A,07,,09,H,,,,,C,N,N,A,1,0,0,0,21800.0,2,39.75165993,-121.63066992,4
2017,2017-04-20,2143,4,1,21,4,N,A,N,A,H,C,A,01,N,00,G,Y,,,,B,N,N,A,1,1,0,0,23153.0,2,39.76112115,-121.60565508,4
2017,2017-04-24,1515,4,1,15,1,N,B,N,A,H,A,D,22,E,04,C,,,,,C,Y,N,D,1,0,0,0,21703.0,2,39.36322736,-121.68524226,4
2017,2017-05-09,430,5,1,4,2,Y,A,Y,A,H,C,A,01,,01,D,,,,,C,Y,N,D,1,0,0,0,23152.0,3,39.71933389,-121.84420664,4
2017,2017-04-18,2109,4,1,21,2,Y,A,N,A,H,D,A,01,,01,A,,,,,I,Y,N,D,1,0,0,0,23152.0,1,39.74280999,-121.81983996,3
2017,2017-04-13,1647,4,1,16,4,N,A,N,A,H,A,A,01,N,09,D,,,,,C,Y,N,D,3,0,0,0,21804.0,2,39.72845251,-121.80149844,3
2016,2016-02-07,1345,2,4,13,7,Y,A,N,A,H,A,C,02,,12,D,,,Y,,C,Y,N,D,1,0,0,1,22450.0,2,39.74866992,-121.87490999,2
2017,2017-05-08,1003,5,1,10,1,Y,A,N,A,H,A,A,01,,10,G,Y,,,,B,N,N,A,1,1,0,0,21950.0,2,39.71490996,-121.79529994,4
2017,2017-05-08,1308,5,1,13,1,Y,A,N,A,H,A,A,01,,09,D,,,,,C,N,N,A,3,0,0,0,21802.0,2,39.76342993,-121.84348997,2
2017,2017-05-03,735,5,1,7,3,Y,A,N,A,H,A,A,01,,03,G,Y,,,,B,N,N,D,1,1,0,0,22350.0,2,39.36319997,-121.69128992,4
2017,2017-05-08,1703,5,1,17,1,N,A,N,A,-,A,A,01,W,08,C,,,,,E,Y,N,D,1,0,0,0,22107.0,2,39.76094639,-121.83620672,4
2017,2017-05-07,842,5,1,8,7,Y,A,N,A,H,A,A,01,,03,C,,,,,C,Y,N,D,1,0,0,0,22350.0,2,39.36321998,-121.68606994,4
2017,2017-06-14,1317,6,2,13,3,N,A,N,A,H,A,A,07,S,09,D,,,,,C,N,N,D,2,0,0,0,21804.0,2,39.75767293,-121.60702738,3
2017,2017-05-13,1856,5,1,18,6,N,A,Y,A,H,A,A,01,E,03,C,,,,,C,Y,N,A,3,0,0,0,22350.0,4,39.74195102,-121.79211534,3
2017,2017-05-05,1540,5,1,15,5,N,A,N,A,H,A,A,01,N,09,D,,,Y,,D,N,N,A,1,0,0,1,21801.0,2,39.72837117,-121.85466528,2
2017,2017-05-07,1813,5,1,18,7,Y,A,N,A,H,A,-,,,09,D,,,,,C,Y,N,A,2,0,0,0,21803.0,2,39.77571996,-121.86509987,3
2017,2017-04-28,921,4,1,9,5,N,A,N,A,H,D,D,22,N,05,E,,,,,J,Y,N,D,1,0,0,0,21650.0,1,39.74117377,-121.65509114,3
2017,2017-04-28,1608,4,1,16,5,Y,A,N,A,H,A,D,22,,03,C,,,,,C,N,N,D,1,0,0,0,22350.0,2,39.75950995,-121.62393,4
2017,2017-05-10,1806,5,1,18,3,N,A,N,A,H,A,D,22,N,09,D,,,,,C,Y,N,A,1,0,0,0,21800.0,2,39.75951,-121.62393,4
2017,2017-05-23,2013,5,1,20,2,N,A,N,A,H,A,A,01,,01,A,,,,,I,Y,F,D,2,0,0,0,23152.0,1,39.73766983,-121.82771444,4
2017,2017-05-17,530,5,1,5,3,N,A,Y,A,H,A,-,,,00,G,Y,,,,B,N,F,D,1,1,0,0,23103.0,2,39.3520146,-121.6878874,4
2017,2017-05-06,13,5,1,0,6,N,A,N,A,H,D,D,22,W,01,E,,,,,J,N,N,A,1,0,0,0,23152.0,1,39.75078338,-121.57649354,4
2017,2017-03-29,2045,3,1,20,3,N,C,N,B,H,D,A,01,S,05,E,,,,,I,Y,N,D,1,0,0,0,21650.0,1,39.7598525,-121.57296383,3
2017,2017-05-18,1100,5,1,11,4,N,A,N,A,H,A,-,,S,03,C,,,,,C,N,N,A,1,0,0,0,22350.0,2,39.75862615,-121.62451924,4
2017,2017-06-07,238,6,2,2,3,Y,A,N,A,H,C,N,60,,17,B,Y,,,,C,N,N,D,1,0,0,0,21701.0,3,39.72902994,-121.84047998,3
2017,2017-04-28,918,4,1,9,5,Y,A,N,A,H,A,A,01,,09,D,,,,,C,N,N,A,1,0,0,0,21453.0,3,39.71780991,-121.82063999,3
2017,2017-03-20,1552,3,1,15,1,N,C,N,B,H,A,D,22,N,03,A,,,,,C,Y,N,D,1,0,0,0,22350.0,3,39.51634095,-121.54981077,3
2017,2017-05-23,1610,5,1,16,2,Y,A,N,A,H,A,D,22,,12,D,,,,,C,Y,N,A,1,0,0,0,21453.0,2,39.74620991,-121.85187997,4
2017,2017-04-25,1025,4,1,10,2,Y,A,N,A,H,A,A,07,,09,G,Y,,,,A,N,N,D,1,1,0,0,21801.0,3,39.76548997,-121.8581899,4
2017,2017-03-06,0,3,1,0,1,N,A,N,A,H,A,D,72,S,03,C,,,,,C,N,N,D,1,0,0,0,22350.0,3,,,4
2017,2017-02-10,1726,2,4,17,5,N,A,N,A,H,B,C,02,S,09,D,,,Y,,C,Y,N,D,2,0,0,2,21804.0,3,39.52180185,-121.55521968,3
2017,2017-03-11,1102,3,1,11,6,Y,A,N,A,H,A,L,04,,05,D,,Y,,,G,N,N,D,1,0,1,0,21202.0,2,,,4
2017,2017-06-01,845,6,2,8,4,N,A,N,A,H,A,A,01,E,07,C,,,,,C,N,N,A,3,0,0,0,21658.0,2,39.72398574,-121.81812996,4
2017,2017-03-14,1130,3,1,11,2,N,A,N,A,H,A,-,,N,10,A,,,,,B,N,N,D,1,0,0,0,21950.0,2,39.51017221,-121.55844679,4
2017,2017-02-10,1134,2,4,11,5,N,A,Y,A,H,A,-,,W,09,D,,,,,C,N,N,A,1,0,0,0,21804.0,2,39.4980417,-121.57277788,4
2017,2017-03-02,1547,3,1,15,4,N,A,Y,A,H,A,-,,E,09,D,,,,,C,N,F,D,1,0,0,0,21801.0,3,39.50539103,-121.54778162,4
2017,2017-04-22,2030,4,1,20,6,Y,A,Y,A,H,D,-,- ,,22,H,,Y,,,G,N,N,D,1,0,1,0,,2,39.49807982,-121.62399343,2
2017,2017-06-19,2100,6,2,21,1,N,A,Y,A,H,B,A,01,W,01,C,,,,,C,Y,N,A,1,0,0,0,23152.0,3,39.74468545,-121.78125895,4
2017,2017-06-27,1254,6,2,12,2,N,A,Y,A,H,A,A,01,E,07,B,,,,,C,Y,N,D,1,0,0,0,21658.0,2,39.72510236,-121.83735966,3
2017,2017-05-05,1309,5,1,13,5,Y,A,Y,A,H,A,L,04,,05,D,,Y,,,G,N,N,D,1,0,1,0,21650.0,2,39.73535666,-121.82208487,4
2017,2017-05-05,1459,5,1,14,5,Y,A,Y,A,H,A,A,01,,09,D,,,,,C,Y,N,A,1,0,0,0,21802.0,2,39.72754348,-121.83371604,3
2017,2017-05-18,1550,5,1,15,4,N,A,Y,A,H,A,A,01,W,03,C,,,,,C,Y,N,A,2,0,0,0,22350.0,2,39.72787387,-121.8313643,3
2017,2017-05-04,1339,5,1,13,4,Y,A,N,A,H,A,A,07,,09,A,,,Y,,C,N,N,D,2,0,0,2,21801.0,2,39.76349991,-121.62068993,3
2017,2017-05-25,1851,5,1,18,4,Y,A,N,A,H,A,-,,,03,C,,,,,C,Y,N,A,2,0,0,0,22350.0,2,39.75575991,-121.62652987,3
2017,2017-05-05,1911,5,1,19,5,Y,A,N,A,H,A,A,01,,00,A,,Y,,,G,N,N,D,1,0,1,0,22650.0,2,39.78179995,-121.88854988,3
2017,2017-05-30,1831,5,1,18,2,Y,A,N,A,H,A,A,01,,09,G,,Y,,,G,N,N,A,1,0,1,0,21800.0,2,39.72170989,-121.83391989,3
2017,2017-03-11,1816,3,1,18,6,Y,A,N,A,H,B,A,01,,09,A,,Y,,,G,N,N,D,1,0,1,0,21804.0,2,39.50261685,-121.53901488,4
2017,2017-03-08,0,3,1,0,3,N,A,N,A,H,A,-,,,03,C,,,,,C,N,N,D,1,0,0,0,22350.0,2,39.50143718,-121.53146446,4
2017,2017-06-07,1431,6,2,14,3,N,A,N,A,H,A,A,01,E,03,C,,,,,C,N,N,A,2,0,0,0,22350.0,3,39.75170008,-121.63063253,4
2017,2017-06-07,1242,6,2,12,3,N,A,N,A,H,A,A,07,E,03,C,,,,,C,N,N,D,1,0,0,0,22350.0,2,39.75221259,-121.61225469,4
2017,2017-06-02,951,6,2,9,5,N,A,N,A,H,A,A,01,N,09,H,,,,,C,Y,N,A,1,0,0,0,21801.0,2,39.76252225,-121.62230451,4
2017,2017-05-27,855,5,1,8,6,N,A,N,A,H,A,D,22,N,03,C,,,,,C,N,N,A,1,0,0,0,22350.0,2,39.75599832,-121.60739645,4
2017,2017-05-29,1504,5,1,15,1,N,A,N,A,H,A,D,22,N,05,B,,,,,C,N,N,D,1,0,0,0,21650.0,2,39.72814386,-121.61285391,4
2017,2017-06-06,1334,6,2,13,2,N,A,N,A,H,A,A,07,W,03,C,,,,,C,N,N,D,3,0,0,0,22350.0,3,39.75227942,-121.59577537,4
2017,2017-06-09,841,6,2,8,5,Y,B,Y,A,H,A,A,07,,05,E,,,,,I,Y,N,A,1,0,0,0,21650.0,1,39.74037315,-121.79990937,3
2017,2017-06-17,1057,6,2,10,6,Y,A,N,A,H,A,A,01,,09,A,,,,,C,Y,N,D,6,0,0,0,21802.0,2,39.76822988,-121.83882986,3
2017,2017-06-15,1355,6,2,13,4,N,A,N,A,H,A,A,01,N,03,C,,,,,C,N,N,A,2,0,0,0,22350.0,3,39.75992973,-121.62363428,4
2017,2017-06-09,1112,6,2,11,5,N,B,N,A,H,A,A,01,N,- ,H,,,,,C,N,N,D,1,0,0,0,,2,39.77363435,-121.59456565,4
2017,2017-06-10,1355,6,2,13,6,N,B,N,A,G,A,A,01,N,03,C,,,,,C,Y,N,D,1,0,0,0,22350.0,2,39.77522931,-121.60942598,4