ACCIDENT_YEAR,COLLISION_DATE,COLLISION_TIME,MONTH,SEASON,24HOURS,DAY_OF_WEEK,INTERSECTION,WEATHER_1,STATE_HWY_IND,ROAD_SURFACE,ROAD_COND_1,LIGHTING,STWD_VEHTYPE_AT_FAULT,CHP_VEHTYPE_AT_FAULT,DIRECTION,PCF_VIOL_CATEGORY,TYPE_OF_COLLISION,PEDESTRIAN_ACCIDENT,BICYCLE_ACCIDENT,MOTORCYCLE_ACCIDENT,TRUCK_ACCIDENT,MVIW,TOW_AWAY,HIT_AND_RUN,CONTROL_DEVICE,NUMBER_INJURED,COUNT_PED_INJURED,COUNT_BICYCLIST_INJURED,COUNT_MC_INJURED,PCF_VIOLATION,PARTY_COUNT,POINT_Y,POINT_X,COLLISION_SEVERITY
2020,2020-09-22,1715,9,3,17,2,N,A,Y,A,H,A,A,01,E,01,E,,,,,I,Y,N,D,1,0,0,0,23152.0,1,39.87415313720703,-121.67892456054688,2
2020,2020-09-18,14,9,3,0,5,Y,A,N,A,H,D,A,08,,01,E,,,,,I,Y,N,A,1,0,0,0,23152.0,1,39.512969970703125,-121.60752868652344,2
2020,2020-09-19,1225,9,3,12,6,N,A,N,A,D,A,A,07,S,05,E,,,,,I,Y,N,D,1,0,0,0,21460.0,1,39.91460800170898,-121.73767852783205,3
2020,2020-09-22,730,9,3,7,2,N,A,N,A,H,A,D,22,W,03,C,,,,,C,Y,N,D,4,0,0,0,22350.0,2,39.61022567749024,-121.8085708618164,2
2020,2020-05-16,2222,5,1,22,6,Y,B,N,B,H,C,A,01,,08,B,,,,,C,N,M,D,1,0,0,0,22107.0,3,39.516188,-121.549765,4
2020,2020-09-28,1340,9,3,13,1,N,A,Y,A,H,A,A,01,E,09,A,,,,,D,Y,N,D,2,0,0,0,21801.0,2,39.77643585205078,-121.73209381103516,3
2020,2020-09-28,1840,9,3,18,1,N,A,N,A,H,A,D,22,W,08,F,,,,,I,Y,N,D,1,0,0,0,22107.0,1,,,4
2020,2020-09-29,1255,9,3,12,2,N,A,N,A,H,A,-,- ,E,18,E,,,,,H,N,N,D,1,0,0,0,,1,39.818256378173835,-121.5945281982422,4
2020,2020-09-21,2020,9,3,20,1,Y,A,N,A,H,D,A,01,,12,D,,,,,C,Y,F,A,1,0,0,0,22450.0,2,39.434200286865234,-121.57678985595705,3
2020,2020-09-16,1330,9,3,13,3,N,A,Y,A,H,A,D,22,N,08,B,,,,,C,N,N,D,1,0,0,0,22107.0,2,39.43217086791992,-121.6881866455078,3
2020,2020-09-24,1920,9,3,19,4,N,A,Y,A,H,D,A,01,N,08,E,,,,,I,Y,N,D,1,0,0,0,22107.0,1,39.41036987304688,-121.68806457519533,4
2020,2020-09-30,1755,9,3,17,3,N,A,N,A,H,A,A,08,S,08,B,,,,,C,N,N,D,1,0,0,0,22107.0,2,39.490765,-121.538484,4
2020,2020-09-29,1545,9,3,15,2,N,A,Y,A,H,A,A,07,W,09,A,,,,,C,N,N,D,2,0,0,0,21801.0,2,39.51013946533203,-121.4891357421875,3
2020,2020-10-03,2240,10,3,22,6,N,A,N,A,H,D,A,01,W,08,A,,,,,I,Y,N,D,1,0,0,0,22107.0,1,39.730560302734375,-121.68447875976562,4
2020,2020-10-04,2314,10,3,23,7,N,A,Y,A,H,D,A,07,S,08,E,,,,,J,Y,N,D,1,0,0,0,22107.0,1,39.60755920410156,-121.62271881103516,4
2020,2020-09-25,720,9,3,7,5,N,A,N,A,H,A,D,22,W,03,C,,,,,C,Y,N,D,2,0,0,0,22350.0,2,39.41521835327149,-121.66340637207033,4
2020,2020-09-30,1624,9,3,16,3,N,A,Y,A,H,A,C,02,S,03,C,,,Y,,C,Y,N,A,2,0,0,2,22350.0,2,39.70099258422852,-121.78582000732422,3
2020,2020-09-29,2119,9,3,21,2,Y,A,N,A,H,D,A,01,,03,C,,,,,C,N,N,D,1,0,0,0,22350.0,2,39.44192123413086,-121.55158233642578,4
2020,2020-09-30,1115,9,3,11,3,N,A,Y,A,H,A,D,22,E,03,C,,,,,C,N,N,D,2,0,0,0,22350.0,3,39.504844665527344,-121.51461791992188,4
2020,2020-10-02,1658,10,3,16,5,N,A,N,A,H,A,A,01,N,08,E,,,,,I,Y,N,D,2,0,0,0,22107.0,1,39.848831176757805,-121.56809997558594,3
2020,2020-08-28,1242,8,2,12,5,N,A,Y,A,H,A,A,01,E,01,C,,,,Y,C,Y,N,A,1,0,0,0,23152.0,2,39.463863372802734,-121.57850646972656,2
2020,2020-10-05,1445,10,3,14,1,N,A,N,A,H,A,C,02,S,05,B,,,Y,Y,C,Y,N,D,1,0,0,1,21460.0,2,39.8988037109375,-121.7423858642578,2
2020,2020-10-07,1103,10,3,11,3,N,A,N,A,H,A,A,01,W,08,E,,,,,A,Y,N,D,2,0,0,0,22107.0,1,39.70376968383789,-121.74877166748048,2
2020,2020-10-09,152,10,3,1,5,N,A,N,A,H,D,-,- ,N,18,E,,,,,H,Y,N,D,1,0,0,0,,1,39.74427032470703,-121.65432739257812,4
2020,2020-10-01,504,10,3,5,4,N,A,N,A,H,D,-,- ,N,18,E,,,,,I,Y,N,D,1,0,0,0,,1,39.494873046875,-121.74481964111328,4
2020,2020-10-03,720,10,3,7,6,N,A,Y,A,H,A,A,01,W,01,F,,,,,A,Y,N,D,1,0,0,0,23152.0,1,39.464889526367195,-121.7292709350586,2
2020,2020-10-03,2324,10,3,23,6,N,A,N,A,H,D,A,01,W,01,E,,,,,I,Y,N,D,1,0,0,0,23152.0,1,39.50562286376953,-121.36067199707033,3
2020,2020-10-08,2005,10,3,20,4,Y,A,N,A,H,D,D,22,,01,D,,,,Y,C,Y,N,D,1,0,0,0,23152.0,2,39.55165100097656,-121.85668182373048,4
2020,2020-09-20,1330,9,3,13,7,N,A,Y,A,H,A,D,22,W,01,C,,,,,C,Y,N,A,1,0,0,0,23152.0,2,39.494239807128906,-121.68888092041016,4
2020,2020-10-12,550,10,3,5,1,N,A,N,A,H,A,A,07,S,08,F,,,,,A,Y,N,D,1,0,0,0,22107.0,1,,,3
2020,2020-09-25,1723,9,3,17,5,Y,A,Y,A,H,A,A,01,,09,D,,,,,C,Y,N,D,3,0,0,0,21801.0,2,39.3232421875,-121.67926788330078,4
2020,2020-09-25,1705,9,3,17,5,Y,A,N,A,H,A,A,07,,09,D,,,Y,,C,N,N,A,1,0,0,1,21802.0,2,39.51105117797852,-121.5805892944336,3
2020,2020-10-04,2140,10,3,21,7,N,A,N,A,H,D,C,02,S,08,F,,,Y,,A,N,N,D,1,0,0,1,22107.0,1,39.458789825439446,-121.53159332275392,2
2020,2020-10-07,1930,10,3,19,3,N,A,N,A,H,C,A,01,N,03,C,,,Y,,C,N,F,D,1,0,0,1,22350.0,2,39.48131561279297,-121.53057861328124,4
2020,2020-10-04,1805,10,3,18,7,N,A,N,A,H,A,A,01,S,03,D,,,,,C,N,N,D,1,0,0,0,22350.0,2,39.509315490722656,-121.48873901367188,4
2020,2020-10-04,1615,10,3,16,7,N,A,Y,A,D,A,C,02,E,03,F,,,Y,,A,N,N,A,1,0,0,1,22350.0,1,39.58198928833008,-121.42901611328124,3
2020,2020-10-10,2100,10,3,21,6,N,A,N,A,H,D,A,01,S,08,E,,,,,I,Y,N,D,2,0,0,0,22107.0,1,39.4551887512207,-121.54938507080078,3
2020,2020-10-06,930,10,3,9,2,N,A,N,A,H,A,A,01,N,08,E,,,,,I,Y,N,D,1,0,0,0,22107.0,1,39.617874145507805,-121.52654266357422,2
2020,2020-10-04,2321,10,3,23,7,N,A,Y,A,H,D,A,07,N,05,A,,,,,C,Y,N,D,2,0,0,0,21460.0,2,39.38650894165039,-121.611083984375,2
2020,2020-10-09,1345,10,3,13,5,N,A,Y,A,H,A,A,01,N,03,C,,,,,C,Y,N,D,1,0,0,0,22350.0,2,39.38290023803711,-121.6119384765625,4
2020,2020-10-08,2115,10,3,21,4,N,A,N,A,H,D,D,22,N,01,E,,,,,J,Y,N,A,1,0,0,0,23152.0,1,39.89938735961913,-121.7419662475586,3
2020,2020-10-13,1520,10,3,15,2,N,A,Y,A,H,A,F,26,N,03,C,,,,Y,C,Y,N,D,1,0,0,0,22350.0,5,39.74074935913086,-121.82516479492188,4
2020,2020-10-13,1730,10,3,17,2,N,A,Y,A,H,A,A,01,E,03,C,,,,,C,Y,N,D,2,0,0,0,22350.0,2,39.75236129760742,-121.98474884033205,4
2020,2020-10-09,1418,10,3,14,5,Y,A,N,A,H,A,A,01,,09,A,,,,,C,Y,N,D,2,0,0,0,21804.0,2,39.75725173950195,-121.8835220336914,3
2020,2020-10-11,15,10,3,0,7,N,A,N,A,H,D,N,60,W,11,G,Y,,,,B,N,N,D,1,1,0,0,21954.0,2,39.7752799987793,-121.95223999023438,4
2020,2020-10-17,1420,10,3,14,6,N,A,Y,A,H,A,D,22,N,08,F,,,,,A,Y,N,D,1,0,0,0,22107.0,1,39.77768707275391,-121.87714385986328,3
2020,2020-10-18,1354,10,3,13,7,N,A,Y,A,D,A,-,99,N,05,B,,,,,C,Y,M,A,1,0,0,0,21460.0,3,39.883316040039055,-121.97607421875,4
2020,2020-10-17,2120,10,3,21,6,N,A,N,A,H,D,A,01,S,03,E,,,,,I,Y,N,D,1,0,0,0,22350.0,1,,,3
2020,2020-10-13,1520,10,3,15,2,N,A,Y,A,H,A,A,07,S,03,C,,,,Y,C,Y,N,D,1,0,0,0,22350.0,3,39.7415428161621,-121.82666015625,2
2020,2020-10-18,57,10,3,0,7,N,A,Y,A,H,C,A,01,S,03,C,,,,,C,Y,N,D,2,0,0,0,22350.0,2,39.71077346801758,-121.79638671875,4
2020,2020-10-19,1650,10,3,16,1,N,A,N,A,H,A,A,07,E,08,E,,,,,I,Y,N,D,1,0,0,0,22107.0,1,39.91043472290039,-121.72887420654295,3
2020,2020-10-16,2257,10,3,22,5,Y,A,Y,A,H,D,A,01,,09,D,,,Y,,C,Y,N,A,1,0,0,1,21802.0,2,39.3996696472168,-121.68804168701172,2
2020,2020-10-19,2300,10,3,23,1,N,A,Y,A,H,D,D,22,E,08,E,,,,,I,N,N,D,2,0,0,0,22107.0,1,40.0518684387207,-121.6113739013672,3
2020,2020-10-19,1405,10,3,14,1,N,A,Y,A,H,A,D,22,S,08,A,,,,,C,Y,N,D,2,0,0,0,22107.0,2,39.84733581542969,-121.94696807861328,2
2020,2020-10-15,630,10,3,6,4,N,A,Y,A,H,D,D,22,N,03,C,,,,,A,Y,N,D,1,0,0,0,22350.0,3,39.876907348632805,-121.96984100341795,4
2020,2020-10-17,1015,10,3,10,6,N,A,Y,A,H,A,A,08,S,03,C,,,,,C,Y,N,A,2,0,0,0,22350.0,3,39.665626525878906,-121.74351501464844,3
2020,2020-10-16,1440,10,3,14,5,N,A,Y,A,H,A,A,07,N,08,C,,,,Y,C,Y,N,D,1,0,0,0,22107.0,2,,,3
2020,2020-10-21,1808,10,3,18,3,N,A,N,A,H,B,A,01,W,03,E,,,,,I,Y,N,A,1,0,0,0,22350.0,1,39.50944900512695,-121.6323699951172,3
2020,2020-10-22,725,10,3,7,4,N,A,Y,A,H,A,D,22,W,08,B,,,,,C,Y,N,D,1,0,0,0,22107.0,2,39.75334548950195,-121.9340591430664,3
2020,2020-09-29,1928,9,3,19,2,N,A,Y,A,H,D,N,60,N,11,G,Y,,,,B,N,N,D,0,0,0,0,21954.0,3,39.51089859008789,-121.57260894775392,1
2020,2020-10-17,120,10,3,1,6,N,A,N,A,H,D,A,01,N,01,E,,,,,I,Y,N,D,1,0,0,0,23152.0,1,39.39055252075195,-121.64727783203124,2
2020,2020-10-19,647,10,3,6,1,N,A,Y,A,H,C,A,01,S,09,C,,,,,C,Y,N,A,1,0,0,0,21802.0,2,39.433418273925774,-121.60512542724608,4
2020,2020-10-24,1318,10,3,13,6,N,A,Y,A,H,A,A,01,N,03,C,,,,,C,Y,N,D,1,0,0,0,22350.0,2,39.667259216308594,-121.74600982666016,3
2020,2020-10-20,1009,10,3,10,2,N,A,N,A,H,A,D,22,N,09,D,,,,,C,Y,N,D,1,0,0,0,21804.0,2,39.48209381103516,-121.55045318603516,4
2020,2020-10-24,1615,10,3,16,6,N,A,Y,A,H,A,A,01,S,08,F,,,,,A,Y,N,D,1,0,0,0,22107.0,1,39.38790130615234,-121.6880111694336,2
2020,2020-10-23,1058,10,3,10,5,Y,A,N,A,H,A,A,07,,09,D,,,,,C,Y,N,A,1,0,0,0,21802.0,2,39.510440826416016,-121.60479736328124,4
2020,2020-04-12,1858,4,1,18,7,N,A,N,A,H,A,D,22,W,01,E,,,,,I,Y,N,D,2,0,0,0,23152.0,1,39.50944900512695,-121.6323699951172,1
2020,2020-11-02,1547,11,3,15,1,N,A,Y,A,H,A,D,22,N,03,C,,,,,C,Y,N,D,1,0,0,0,22350.0,3,39.747833251953125,-121.834716796875,4
2020,2020-11-03,1200,11,3,12,2,N,A,N,A,H,A,A,07,E,03,C,,,,,C,N,N,D,1,0,0,0,22350.0,2,39.7432975769043,-121.88236236572266,3
2020,2020-11-02,1255,11,3,12,1,N,A,N,A,H,A,A,01,E,03,B,,,,,C,Y,N,D,1,0,0,0,22350.0,2,39.482643127441406,-121.54154205322266,4
2020,2020-11-04,850,11,3,8,3,N,A,N,A,H,A,D,22,E,08,E,,,,,I,Y,N,D,1,0,0,0,22107.0,1,,,4
2020,2020-11-05,1715,11,3,17,4,N,A,Y,A,H,D,A,01,S,03,C,,,,,C,Y,N,D,4,0,0,0,22350.0,4,39.781562805175774,-121.88194274902344,3
2020,2020-11-07,345,11,3,3,6,N,A,N,A,H,D,D,22,N,08,F,,,,,I,Y,N,D,1,0,0,0,22107.0,1,39.67553329467773,-121.8593521118164,4
2020,2020-11-02,1710,11,3,17,1,N,A,N,A,H,C,A,01,E,01,C,,,,,E,N,N,D,1,0,0,0,23152.0,2,39.48038101196289,-121.54354095458984,4
2020,2020-11-05,1303,11,3,13,4,N,A,Y,A,H,A,A,07,S,05,E,,,,,I,Y,N,D,1,0,0,0,21650.0,1,39.52330780029297,-121.57312774658205,4
2020,2020-10-27,1500,10,3,15,2,Y,A,Y,A,H,A,A,07,,09,B,,,,,C,N,N,A,1,0,0,0,21453.0,2,39.364723205566406,-121.60799407958984,4
2020,2020-11-11,1200,11,3,12,3,N,A,N,A,H,A,D,23,W,08,E,,,,,A,Y,N,D,1,0,0,0,22107.0,1,39.71075439453125,-121.66924285888672,3
2020,2020-11-10,1530,11,3,15,2,N,A,Y,A,H,A,A,01,E,03,C,,,,,C,Y,N,D,1,0,0,0,22350.0,2,39.752349853515625,-121.98436737060548,4
2020,2020-11-15,1200,11,3,12,7,N,A,Y,A,H,A,A,07,N,01,F,,,,,A,Y,N,D,1,0,0,0,23152.0,1,39.7026596069336,-121.78734588623048,3
2020,2020-11-04,820,11,3,8,3,N,A,N,A,H,A,D,22,N,08,F,,,,,A,Y,N,D,1,0,0,0,22107.0,1,39.45578002929688,-121.64775848388672,2
2020,2020-11-05,2150,11,3,21,4,N,A,N,A,H,D,D,22,W,08,F,,,,,A,Y,N,D,1,0,0,0,22107.0,1,39.4628791809082,-121.4824447631836,2
2020,2020-11-04,720,11,3,7,3,Y,A,N,A,H,A,D,22,,17,D,,,,,C,Y,N,A,1,0,0,0,21451.0,2,39.363468170166016,-121.659912109375,4
2020,2020-11-11,1135,11,3,11,3,N,A,Y,A,H,A,A,08,S,03,C,,,,,C,Y,N,A,1,0,0,0,22350.0,2,39.6641731262207,-121.74158477783205,3
2020,2020-06-17,1419,6,2,14,3,Y,A,Y,A,H,A,A,01,,09,A,,,,Y,C,N,N,D,1,0,0,0,21804.0,2,39.504558563232415,-121.54216003417967,3
2020,2020-11-22,2158,11,3,21,7,N,A,N,A,H,D,A,01,S,01,E,,,,,I,Y,N,D,1,0,0,0,23152.0,1,39.726104736328125,-121.9453125,3
2020,2020-11-22,1630,11,3,16,7,N,B,N,A,H,A,A,01,E,03,C,,,,,C,Y,N,D,1,0,0,0,22350.0,2,39.51688766479492,-121.5799560546875,3
2020,2020-10-31,530,10,3,5,6,N,A,N,A,H,D,A,07,N,08,E,,,,,I,Y,N,D,1,0,0,0,22107.0,1,39.50761032104492,-121.85732269287108,2
2020,2020-11-16,145,11,3,1,1,N,A,Y,A,H,D,D,22,N,08,E,,,,,I,N,N,D,1,0,0,0,22107.0,1,39.305419921875,-121.67276000976562,3
2020,2020-11-17,545,11,3,5,2,N,A,Y,A,H,B,A,08,N,08,F,,,,,A,Y,N,A,1,0,0,0,22107.0,1,39.520610809326165,-121.5727996826172,3
2020,2020-11-13,1005,11,3,10,5,N,B,Y,B,H,A,A,01,N,08,F,,,,,A,Y,N,D,2,0,0,0,22107.0,1,,,4
2020,2020-11-25,820,11,3,8,3,N,A,N,A,H,A,D,22,W,08,E,,,,,I,Y,N,D,1,0,0,0,22107.0,1,39.64583587646485,-121.7890625,3
2020,2020-11-13,625,11,3,6,5,N,B,Y,B,D,D,A,01,N,03,C,,,,,C,Y,N,D,1,0,0,0,22350.0,2,39.8763427734375,-121.96957397460938,4
2020,2020-11-28,1350,11,3,13,6,N,A,N,A,H,A,A,07,N,08,F,,,,,A,Y,N,D,1,0,0,0,22107.0,1,39.56324768066406,-121.85686492919922,3
2020,2020-11-21,2120,11,3,21,6,N,A,N,A,H,D,A,01,N,08,E,,,,,I,Y,N,D,1,0,0,0,22107.0,1,39.554718017578125,-121.76478576660156,3
2020,2020-11-27,330,11,3,3,5,N,A,Y,A,H,D,D,22,S,08,F,,,,,A,Y,N,D,1,0,0,0,22107.0,1,39.34312438964844,-121.59992980957033,4
2020,2020-12-01,205,12,4,2,2,Y,A,N,A,H,C,D,22,,09,D,,,,,C,Y,N,A,2,0,0,0,21453.0,2,39.4668197631836,-121.52609252929688,3
2020,2020-11-23,1117,11,3,11,1,N,A,Y,A,H,A,A,07,W,08,F,,,,,A,Y,N,D,1,0,0,0,22107.0,1,39.46480941772461,-121.79282379150392,2
2020,2020-12-01,1715,12,4,17,2,N,A,N,A,H,A,A,07,E,08,C,,,,,C,Y,N,D,1,0,0,0,22107.0,2,39.686065673828125,-121.35677337646484,4
2020,2020-12-02,20,12,4,0,3,N,A,Y,A,C,D,-,- ,S,18,E,,,,,J,N,N,D,2,0,0,0,,1,39.70016860961913,-121.78489685058594,3
2020,2020-11-25,2130,11,3,21,3,N,A,N,A,H,A,A,01,W,21,C,,,,,C,Y,N,D,1,0,0,0,22106.0,2,39.4195671081543,-121.36615753173828,2
2020,2020-11-29,800,11,3,8,7,N,A,Y,A,H,A,A,01,S,01,E,,,,,I,Y,N,D,1,0,0,0,23152.0,1,39.73286819458008,-121.81501007080078,2
2020,2020-11-28,1750,11,3,17,6,N,A,Y,A,H,D,A,01,N,01,E,,,,,I,Y,N,D,1,0,0,0,23152.0,1,39.59309387207031,-121.64401245117188,4
2020,2020-08-27,842,8,2,8,4,N,A,Y,A,H,A,A,01,S,01,E,,,,,I,Y,N,D,1,0,0,0,23152.0,1,39.532188415527344,-121.58016204833984,2
2020,2020-11-10,1555,11,3,15,2,N,A,N,A,H,A,A,07,N,10,G,Y,,,,B,N,N,A,0,0,0,0,21950.0,2,39.491458892822266,-121.55068206787108,1
2020,2020-11-28,1600,11,3,16,6,N,A,N,A,H,A,A,07,E,01,E,,,,,I,Y,N,D,1,0,0,0,23152.0,1,39.89128112792969,-121.57772064208984,2
2020,2020-12-03,1320,12,4,13,4,N,A,N,A,H,A,A,07,E,08,E,,,,,I,Y,N,D,1,0,0,0,22107.0,1,39.43449401855469,-121.56710815429688,2
2020,2020-10-25,1625,10,3,16,7,N,A,N,A,H,A,A,01,N,03,E,,,,,I,Y,N,D,3,0,0,0,22350.0,1,39.454944610595696,-121.5769500732422,2
2020,2020-11-30,840,11,3,8,1,N,A,N,A,H,A,F,78,E,08,F,,,,Y,A,Y,N,D,1,0,0,0,22107.0,1,39.36220550537109,-121.8319091796875,2
2020,2020-12-10,1500,12,4,15,4,N,A,Y,A,H,A,D,22,S,03,C,,,,,C,N,N,A,1,0,0,0,22350.0,2,39.665542602539055,-121.743408203125,4
2020,2020-12-04,1535,12,4,15,5,N,A,N,A,H,A,D,22,S,03,C,,,,,C,N,F,D,1,0,0,0,22350.0,2,39.48323440551758,-121.4565200805664,2
2020,2020-12-06,1900,12,4,19,7,N,A,N,A,H,D,A,01,N,08,E,,,,,I,Y,N,D,1,0,0,0,22107.0,1,39.44721221923828,-121.5378189086914,4
2020,2020-06-10,1245,6,2,12,3,N,A,Y,A,H,A,G,25,S,03,C,,,,Y,C,Y,N,A,6,0,0,0,22350.0,6,39.665481567382805,-121.74332427978516,1
2020,2020-11-13,1822,11,3,18,5,N,B,N,B,H,C,I,11,E,08,E,,,,,I,Y,N,D,1,0,0,0,22107.0,1,39.529475,-121.494919,4
2020,2020-11-19,1750,11,3,17,4,Y,A,Y,A,H,D,A,01,,01,D,,,,,C,Y,N,A,3,0,0,0,23152.0,2,39.42517852783203,-121.68813323974608,3
2020,2020-12-12,1524,12,4,15,6,Y,B,N,A,H,A,A,07,,12,D,,,,,C,Y,N,A,3,0,0,0,22450.0,3,39.43128967285156,-121.53742218017578,3
2020,2020-12-05,1335,12,4,13,6,N,A,N,A,H,A,C,02,E,01,E,,,Y,,I,Y,N,D,1,0,0,1,23152.0,1,39.480287,-121.525271,2
2020,2020-07-31,2134,7,2,21,5,N,A,N,A,H,E,A,01,,01,F,,,,,E,Y,N,D,1,0,0,0,23152.0,2,,,3
2020,2020-07-23,1712,7,2,17,4,N,A,N,A,H,A,A,07,E,03,C,,,,,C,N,N,A,1,0,0,0,22350.0,2,39.71490859985352,-121.79530334472656,4
2020,2020-12-10,1405,12,4,14,4,Y,A,Y,A,H,A,C,02,,06,D,,,Y,,C,Y,N,D,1,0,0,1,21750.0,2,39.87627410888672,-121.96954345703124,4
2020,2020-12-17,245,12,4,2,4,N,C,Y,B,H,D,D,22,N,01,E,,,,,I,Y,N,D,1,0,0,0,23152.0,1,39.582427978515625,-121.68879699707033,3
2020,2020-10-19,854,10,3,8,1,N,A,N,A,H,A,D,22,N,08,E,,,,,I,Y,N,D,0,0,0,0,22107.0,1,39.82085418701172,-121.84455871582033,1
2020,2020-12-14,1555,12,4,15,1,N,B,Y,A,H,A,A,01,S,08,E,,,,,I,N,N,D,4,0,0,0,22107.0,1,39.75381851196289,-121.8447036743164,4
2020,2020-12-17,1505,12,4,15,4,N,A,N,A,H,A,A,07,E,03,C,,,,,C,Y,N,D,1,0,0,0,22350.0,2,39.46568298339844,-121.55484771728516,3
2020,2020-12-22,1720,12,4,17,2,N,A,Y,A,H,D,A,01,N,03,C,,,,,C,Y,N,D,2,0,0,0,22350.0,2,39.75661849975586,-121.84970092773438,4
2020,2020-12-22,1753,12,4,17,2,N,B,Y,A,H,D,A,01,N,03,C,,,,,C,Y,N,D,2,0,0,0,22350.0,2,39.73083114624024,-121.81275177001952,4
2020,2020-12-17,1519,12,4,15,4,Y,A,Y,A,H,A,A,01,,09,D,,,,,C,Y,N,A,2,0,0,0,21802.0,3,39.425151824951165,-121.68813323974608,3
2020,2020-12-21,1710,12,4,17,1,Y,E,N,A,H,D,A,07,,12,D,,,,,C,Y,N,A,2,0,0,0,22450.0,2,39.33409118652344,-121.6876983642578,2
2020,2020-12-18,235,12,4,2,5,N,A,Y,A,H,D,A,01,S,01,C,,,,Y,C,Y,N,D,1,0,0,0,23152.0,2,39.390918731689446,-121.6880111694336,4
2020,2020-12-25,1440,12,4,14,5,N,B,N,B,H,A,A,01,N,08,E,,,,,J,Y,N,D,1,0,0,0,22107.0,1,39.438430786132805,-121.55148315429688,2
2020,2020-12-26,1845,12,4,18,6,N,A,N,B,H,D,A,01,W,08,E,,,,,I,N,N,D,1,0,0,0,22107.0,1,,,4
2020,2020-12-25,1602,12,4,16,5,N,B,N,B,H,A,A,01,S,01,B,,,,,C,Y,N,D,2,0,0,0,23152.0,2,39.452674865722656,-121.5378875732422,3
2020,2020-08-08,1336,8,2,13,6,N,A,N,A,H,A,A,01,,06,C,,Y,,,G,N,F,D,1,0,1,0,21750.0,2,,,4
2020,2020-12-25,1345,12,4,13,5,N,B,Y,B,H,A,A,01,W,07,B,,,,,C,Y,F,D,3,0,0,0,21658.0,5,39.742332458496094,-121.88386535644533,4
2020,2020-12-18,1111,12,4,11,5,N,A,Y,B,H,A,A,01,S,01,E,,,,,I,Y,N,D,1,0,0,0,23152.0,1,39.43208694458008,-121.6051025390625,2
2020,2020-12-30,1355,12,4,13,3,Y,B,Y,A,H,A,A,01,,09,A,,,,,C,Y,N,A,3,0,0,0,21802.0,2,39.34384536743164,-121.68686676025392,4
2020,2020-07-09,0,7,2,0,4,Y,A,N,A,H,A,-,,,09,D,,,,,C,N,N,D,1,0,0,0,21802.0,2,39.50878143310546,-121.53643798828124,4
2020,2020-12-24,10,12,4,0,4,Y,A,N,A,H,C,A,07,,01,E,,,,,I,Y,N,A,1,0,0,0,23152.0,1,39.50571,-121.4972,3
2020,2020-12-28,130,12,4,1,1,N,A,Y,A,H,D,-,- ,S,18,H,,,,,H,N,N,D,1,0,0,0,,1,39.6013298034668,-121.61907958984376,4
2020,2020-12-28,740,12,4,7,1,N,B,Y,A,H,A,A,01,S,08,E,,,,,I,Y,N,D,1,0,0,0,22107.0,1,39.74393081665039,-121.82988739013672,3
2020,2020-12-28,203,12,4,2,1,Y,B,Y,B,H,D,A,01,,01,D,,,,,C,Y,N,A,2,0,0,0,23152.0,2,39.726200103759766,-121.8356704711914,2
2020,2020-12-31,1835,12,4,18,4,N,B,Y,A,H,D,A,07,W,08,F,,,,,A,Y,N,D,3,0,0,0,22107.0,1,39.50945281982422,-121.47763061523438,4
2020,2020-12-28,1140,12,4,11,1,N,A,N,A,H,A,A,07,E,08,E,,,,,I,Y,N,D,1,0,0,0,22107.0,1,39.32680892944336,-121.52800750732422,4
2020,2020-12-16,745,12,4,7,3,N,B,Y,B,H,A,A,07,S,08,B,,,,Y,C,Y,N,D,3,0,0,0,22107.0,4,39.33148193359375,-121.68238067626952,4
2020,2020-12-17,805,12,4,8,4,N,B,N,B,H,A,A,01,S,01,D,,,,,C,Y,N,D,1,0,0,0,23152.0,2,39.47824478149414,-121.54793548583984,1
2020,2020-12-30,2355,12,4,23,3,N,B,Y,B,H,C,A,01,N,08,E,,,,,I,Y,N,D,1,0,0,0,22107.0,1,39.74779510498047,-121.83466339111328,3